ID_Start_Lat_Lonh,Freq.ID,Severity,Start_Time,End_Time,differ_HHMM,S_time,Time,Date,Hour,Year,Month,Day,Start_Lat,Start_Lng,End_Lat,End_Lng,Distance.mi.,Accident.Description,Traffic.Speed,Number,Street,Street_Category,Side,City,County,State,Zipcode,Country,Timezone,Airport_Code,Weather_Timestamp,Weather_Condition_Timestamp,Temperature.F.,Nautical_Twilight,Astronomical_Twilight,Wind_Chill.F.,Humidity...,Pressure.in.,Visibility.mi.,Wind_Direction,Wind_Speed.mph.,Precipitation.in.,Weather_Condition,Amenity,Bump,Crossing,Give_Way,Junction,No_Exit,Railway,Roundabout,Station,Stop,Traffic_Calming,Traffic_Signal,Civil_Twilight,Nautical_Twilight.1,Astronomical_Twilight.1
1,11,2,2017-12-30 9:01,2017-12-30 9:46,0:45,2017-12-30 9:01,9:01:00,2017-12-30,9:00,2017,12,30,41.10979,-73.80144,41.10979,-73.80144,0,Right hand shoulder blocked ,28,0,Saw Mill River Pkwy N,County Highways,R,Hawthorne,Westchester,NY,10532,US,US/Eastern,KHPN,2017-12-30 8:56,2017-12-30 8:56,16,Day,Day,0,84,30.13,1.5,Calm,0,0,Light Snow,0,0,0,0,0,0,0,0,0,0,0,0,Day,Day,Day
1,11,2,2017-12-27 13:18,2017-12-27 14:17,0:59,2017-12-27 13:18,13:18:00,2017-12-27,13:00,2017,12,27,41.10979,-73.80144,41.10979,-73.80144,0,Right hand shoulder blocked ,25,0,Saw Mill River Pkwy N,County Highways,R,Hawthorne,Westchester,NY,10532,US,US/Eastern,KHPN,2017-12-27 12:56,2017-12-27 12:56,21,Day,Day,8.1,42,30.44,10,NW,13.8,0,Partly Cloudy,0,0,0,0,0,0,0,0,0,0,0,0,Day,Day,Day
6,8,2,2017-12-22 17:52,2017-12-22 18:21,0:29,2017-12-22 17:52,17:52:00,2017-12-22,17:00,2017,12,22,40.77143,-73.87611,40.77143,-73.87611,0,Two lanes blocked,20,0,Grand Central Pkwy E,County Highways,R,East Elmhurst,Queens,NY,11369,US,US/Eastern,KLGA,2017-12-22 17:51,2017-12-22 17:51,51.1,Night,Day,0,74,30.14,10,Variable,3.5,0,Overcast,0,0,0,0,1,0,0,0,0,0,0,0,Night,Night,Day
8,7,2,2017-12-19 20:22,2017-12-19 20:52,0:30,2017-12-19 20:22,20:22:00,2017-12-19,20:00,2017,12,19,41.67018,-73.78852,41.67018,-73.78852,0,Right hand shoulder blocked ,39,0,Taconic State Pkwy,County Highways,R,Lagrangeville,Dutchess,NY,12540,US,US/Eastern,KPOU,2017-12-19 19:53,2017-12-19 19:53,46.9,Night,Night,0,61,29.68,10,Variable,5.8,0,Scattered Clouds,0,0,0,0,0,0,0,0,0,0,0,0,Night,Night,Night
9,13,2,2017-12-15 22:33,2017-12-15 23:00,0:27,2017-12-15 22:33,22:33:00,2017-12-15,22:00,2017,12,15,41.40964,-73.78676,41.40964,-73.78676,0,Right hand shoulder blocked ,39,0,Taconic State Pkwy N,County Highways,R,Putnam Valley,Putnam,NY,10579,US,US/Eastern,KSWF,2017-12-15 22:45,2017-12-15 22:45,17.6,Night,Night,8.2,93,29.87,10,WNW,6.9,0,Mostly Cloudy,0,0,0,0,0,0,0,0,0,0,0,0,Night,Night,Night
12,16,3,2017-12-11 8:19,2017-12-11 8:48,0:29,2017-12-11 8:19,8:19:00,2017-12-11,8:00,2017,12,11,40.73431,-73.92232,40.73431,-73.92232,0,Two lanes blocked,20,0,Long Island Expy E,County Highways,R,Maspeth,Queens,NY,11378,US,US/Eastern,KLGA,2017-12-11 7:51,2017-12-11 7:51,35.1,Day,Day,26.9,67,30.02,10,SW,11.5,0,Mostly Cloudy,0,0,0,0,0,0,0,0,0,0,0,0,Day,Day,Day
14,9,3,2017-12-05 8:34,2017-12-05 9:03,0:29,2017-12-05 8:34,8:34:00,2017-12-05,8:00,2017,12,5,40.66711,-73.99592,40.66711,-73.99592,0,Two lanes blocked,20,0,Gowanus Expy E,County Highways,R,Brooklyn,Kings,NY,11215,US,US/Eastern,KJRB,2017-12-05 8:35,2017-12-05 8:35,53.6,Day,Day,0,82,0,10,SSE,10.4,0,Clear,0,0,0,0,0,0,0,0,0,0,0,0,Day,Day,Day
15,7,2,2017-12-05 8:01,2017-12-05 8:30,0:29,2017-12-05 8:01,8:01:00,2017-12-05,8:00,2017,12,5,41.18482,-73.8074,41.18482,-73.8074,0,Right hand shoulder blocked ,24,0,Taconic State Pkwy S,County Highways,R,Chappaqua,Westchester,NY,10514,US,US/Eastern,KHPN,2017-12-05 7:56,2017-12-05 7:56,50,Day,Day,0,83,30.27,10,SSE,12.7,0,Mostly Cloudy,0,0,0,0,0,0,0,0,0,0,0,0,Day,Day,Day
16,12,3,2017-12-04 0:50,2017-12-04 1:20,0:30,2017-12-04 0:50,0:50:00,2017-12-04,0:00,2017,12,4,40.7401,-73.84543,40.7401,-73.84543,0,Three lanes blocked,42,0,Grand Central Pkwy W,County Highways,R,Corona,Queens,NY,11368,US,US/Eastern,KLGA,2017-12-04 0:51,2017-12-04 0:51,44.1,Night,Night,0,79,30.3,10,Calm,0,0,Partly Cloudy,0,0,0,0,0,0,0,0,0,0,0,0,Night,Night,Night
18,17,3,2017-12-01 4:34,2017-12-01 5:04,0:30,2017-12-01 4:34,4:34:00,2017-12-01,4:00,2017,12,1,41.53931,-73.77114,41.53931,-73.77114,0,Right hand shoulder blocked ,43,0,Taconic State Pkwy,County Highways,R,Hopewell Junction,Dutchess,NY,12533,US,US/Eastern,KPOU,2017-12-01 4:38,2017-12-01 4:38,30.9,Night,Night,27.5,96,30.04,1.5,ENE,3.5,0,Clear,0,0,0,0,0,0,0,0,0,0,0,0,Night,Night,Night
18,17,3,2017-12-01 4:34,2017-12-01 6:49,2:15,2017-12-01 4:34,4:34:00,2017-12-01,4:00,2017,12,1,41.53931,-73.77114,41.53931,-73.77114,0,Right hand shoulder blocked ,43,0,Taconic State Pkwy,County Highways,R,Hopewell Junction,Dutchess,NY,12533,US,US/Eastern,KPOU,2017-12-01 4:38,2017-12-01 4:38,30.9,Night,Night,27.5,96,30.04,1.5,ENE,3.5,0,Clear,0,0,0,0,0,0,0,0,0,0,0,0,Night,Night,Night
19,6,3,2017-11-29 19:24,2017-11-29 20:08,0:44,2017-11-29 19:24,19:24:00,2017-11-29,19:00,2017,11,29,40.82236,-73.88721,40.82236,-73.88721,0,Right lane blocked,28,0,Sheridan Expy N,County Highways,R,Bronx,Bronx,NY,10459,US,US/Eastern,KLGA,2017-11-29 19:51,2017-11-29 19:51,50,Night,Night,0,43,30.27,10,NNW,10.4,0,Partly Cloudy,0,0,0,0,0,0,0,0,0,0,0,0,Night,Night,Night
6,8,2,2017-11-29 5:43,2017-11-29 6:12,0:29,2017-11-29 5:43,5:43:00,2017-11-29,5:00,2017,11,29,40.77143,-73.87611,40.77143,-73.87611,0,Right lane blocked,38,0,Grand Central Pkwy E,County Highways,R,East Elmhurst,Queens,NY,11369,US,US/Eastern,KLGA,2017-11-29 5:51,2017-11-29 5:51,48.9,Night,Day,0,83,30.07,10,SW,9.2,0,Clear,0,0,0,0,1,0,0,0,0,0,0,0,Night,Night,Day
20,6,2,2017-11-28 0:54,2017-11-28 1:23,0:29,2017-11-28 0:54,0:54:00,2017-11-28,0:00,2017,11,28,41.05513,-73.81042,0,0,2.2,Right lane blocked,43,0,Sprain Brook Pkwy S,County Highways,R,Elmsford,Westchester,NY,10523,US,US/Eastern,KHPN,2017-11-28 0:56,2017-11-28 0:56,32,Night,Night,0,59,30.29,10,Calm,0,0,Clear,0,0,0,0,1,0,0,0,0,0,0,0,Night,Night,Night
12,16,3,2017-11-13 17:01,2017-11-13 17:46,0:45,2017-11-13 17:01,17:01:00,2017-11-13,17:00,2017,11,13,40.73431,-73.92232,40.73431,-73.92232,0,Right lane blocked,15,0,Long Island Expy E,County Highways,R,Maspeth,Queens,NY,11378,US,US/Eastern,KLGA,2017-11-13 16:51,2017-11-13 16:51,48,Day,Day,0,68,30.27,10,North,6.9,0,Mostly Cloudy,0,0,0,0,0,0,0,0,0,0,0,0,Day,Day,Day
14,9,3,2017-11-12 15:45,2017-11-12 16:30,0:45,2017-11-12 15:45,15:45:00,2017-11-12,15:00,2017,11,12,40.66711,-73.99592,40.66711,-73.99592,0,Right lane blocked,20,0,Gowanus Expy E,County Highways,R,Brooklyn,Kings,NY,11215,US,US/Eastern,KJRB,2017-11-12 15:55,2017-11-12 15:55,50,Day,Day,0,50,0,10,West,9.2,0.01,Clear,0,0,0,0,0,0,0,0,0,0,0,0,Day,Day,Day
26,12,3,2017-11-08 10:26,2017-11-08 10:56,0:30,2017-11-08 10:26,10:26:00,2017-11-08,10:00,2017,11,8,40.69165,-73.99931,0,0,0,Right lane blocked,32,0,Brooklyn Queens Expy,County Highways,R,Brooklyn,Kings,NY,11201,US,US/Eastern,KJRB,2017-11-08 10:35,2017-11-08 10:35,46.4,Day,Day,40.4,76,0,10,NE,13.8,0,Overcast,0,0,0,0,0,0,0,0,0,0,0,1,Day,Day,Day
27,7,3,2017-11-07 16:40,2017-11-07 17:25,0:45,2017-11-07 16:40,16:40:00,2017-11-07,16:00,2017,11,7,40.83742,-73.88061,40.83742,-73.88061,0,Right lane blocked,22,0,Cross Bronx Expy E,County Highways,R,Bronx,Bronx,NY,10460,US,US/Eastern,KLGA,2017-11-07 16:51,2017-11-07 16:51,43,Day,Day,36.8,80,30.13,8,North,11.5,0.07,Rain,0,0,0,0,0,0,0,0,0,0,0,0,Day,Day,Day
26,12,3,2017-11-04 15:47,2017-11-04 16:16,0:29,2017-11-04 15:47,15:47:00,2017-11-04,15:00,2017,11,4,40.69165,-73.99931,40.69165,-73.99931,0,Right lane blocked,20,0,Brooklyn Queens Expy,County Highways,R,Brooklyn,Kings,NY,11201,US,US/Eastern,KJRB,2017-11-04 15:55,2017-11-04 15:55,59,Day,Day,0,45,0,10,NNE,6.9,0,Clear,0,0,0,0,0,0,0,0,0,0,0,1,Day,Day,Day
18,17,2,2017-11-02 18:32,2017-11-02 19:17,0:45,2017-11-02 18:32,18:32:00,2017-11-02,18:00,2017,11,2,41.53931,-73.77114,41.53931,-73.77114,0,Right hand shoulder blocked ,21,0,Taconic State Pkwy,County Highways,R,Hopewell Junction,Dutchess,NY,12533,US,US/Eastern,KPOU,2017-11-02 18:53,2017-11-02 18:53,66.9,Day,Day,0,70,30.15,10,SSE,5.8,0,Clear,0,0,0,0,0,0,0,0,0,0,0,0,Night,Day,Day
32,7,2,2017-11-02 8:06,2017-11-02 8:36,0:30,2017-11-02 8:06,8:06:00,2017-11-02,8:00,2017,11,2,41.25376,-73.80881,41.25376,-73.80881,0,Right hand shoulder blocked ,24,0,Taconic State Pkwy S,County Highways,R,Yorktown Heights,Westchester,NY,10598,US,US/Eastern,KHPN,2017-11-02 8:01,2017-11-02 8:01,60.1,Day,Day,0,96,30.25,0.5,South,5.8,0,Fog,0,0,0,0,0,0,0,0,0,0,0,0,Day,Day,Day
32,7,2,2017-11-01 9:14,2017-11-01 9:44,0:30,2017-11-01 9:14,9:14:00,2017-11-01,9:00,2017,11,1,41.25376,-73.80881,41.25376,-73.80881,0,Right hand shoulder blocked ,28,0,Taconic State Pkwy S,County Highways,R,Yorktown Heights,Westchester,NY,10598,US,US/Eastern,KHPN,2017-11-01 8:56,2017-11-01 8:56,45,Day,Day,41.2,53,30.31,10,North,6.9,0,Mostly Cloudy,0,0,0,0,0,0,0,0,0,0,0,0,Day,Day,Day
32,7,2,2017-10-29 17:10,2017-10-29 17:40,0:30,2017-10-29 17:10,17:10:00,2017-10-29,17:00,2017,10,29,41.25376,-73.80881,41.25376,-73.80881,0,Right hand shoulder blocked ,20,0,Taconic State Pkwy S,County Highways,R,Yorktown Heights,Westchester,NY,10598,US,US/Eastern,KHPN,2017-10-29 16:56,2017-10-29 16:56,64.9,Day,Day,0,93,29.49,1.5,SE,20.7,0.55,Rain,0,0,0,0,0,0,0,0,0,0,0,0,Day,Day,Day
1,11,2,2017-10-29 17:09,2017-10-29 17:38,0:29,2017-10-29 17:09,17:09:00,2017-10-29,17:00,2017,10,29,41.10979,-73.80144,41.10979,-73.80144,0,Right hand shoulder blocked ,20,0,Saw Mill River Pkwy N,County Highways,R,Hawthorne,Westchester,NY,10532,US,US/Eastern,KHPN,2017-10-29 16:56,2017-10-29 16:56,64.9,Day,Day,0,93,29.49,1.5,SE,20.7,0.55,Rain,0,0,0,0,0,0,0,0,0,0,0,0,Day,Day,Day
19,6,3,2017-10-27 17:27,2017-10-27 18:12,0:45,2017-10-27 17:27,17:27:00,2017-10-27,17:00,2017,10,27,40.82236,-73.88721,40.82236,-73.88721,0,Right lane blocked,15,0,Sheridan Expy N,County Highways,R,Bronx,Bronx,NY,10459,US,US/Eastern,KLGA,2017-10-27 17:51,2017-10-27 17:51,60.1,Day,Day,0,51,30.07,10,SSE,10.4,0,Partly Cloudy,0,0,0,0,0,0,0,0,0,0,0,0,Day,Day,Day
34,12,3,2017-10-26 5:41,2017-10-26 6:10,0:29,2017-10-26 5:41,5:41:00,2017-10-26,5:00,2017,10,26,40.84514,-73.92654,40.84514,-73.92654,0,Right lane blocked,36,0,Major Deegan Expy N,County Highways,R,Bronx,Bronx,NY,10452,US,US/Eastern,KLGA,2017-10-26 5:51,2017-10-26 5:51,55.9,Night,Night,0,57,29.66,10,WNW,12.7,0,Mostly Cloudy,0,0,0,0,0,0,0,0,0,0,0,0,Night,Night,Night
6,8,2,2017-10-25 17:00,2017-10-25 17:45,0:45,2017-10-25 17:00,17:00:00,2017-10-25,17:00,2017,10,25,40.77143,-73.87611,40.77143,-73.87611,0,Left and center lane blocked ,20,0,Grand Central Pkwy E,County Highways,R,East Elmhurst,Queens,NY,11369,US,US/Eastern,KLGA,2017-10-25 16:51,2017-10-25 16:51,64.9,Day,Day,0,45,29.67,10,Variable,3.5,0,Overcast,0,0,0,0,1,0,0,0,0,0,0,0,Day,Day,Day
35,12,2,2017-10-24 10:19,2017-10-24 10:49,0:30,2017-10-24 10:19,10:19:00,2017-10-24,10:00,2017,10,24,41.77643,-73.76835,41.77643,-73.76835,0,Right hand shoulder blocked ,35,0,Taconic State Pkwy,County Highways,R,Pleasant Valley,Dutchess,NY,12569,US,US/Eastern,KPOU,2017-10-24 10:19,2017-10-24 10:19,70,Day,Day,0,87,29.8,6,SSE,16.1,0,Overcast,0,0,0,0,0,0,0,0,0,0,0,0,Day,Day,Day
37,9,2,2017-10-24 8:04,2017-10-24 8:34,0:30,2017-10-24 8:04,8:04:00,2017-10-24,8:00,2017,10,24,40.92158,-73.80969,40.92158,-73.80969,0,Right hand shoulder blocked ,24,0,Hutchinson River Pkwy S,County Highways,R,Pelham,Westchester,NY,10803,US,US/Eastern,KLGA,2017-10-24 8:11,2017-10-24 8:11,71.1,Day,Day,0,84,29.84,10,SSE,20.7,0,Overcast,0,0,0,0,1,0,0,0,0,0,0,0,Day,Day,Day
12,16,3,2017-10-24 7:56,2017-10-24 8:26,0:30,2017-10-24 7:56,7:56:00,2017-10-24,7:00,2017,10,24,40.73431,-73.92232,40.73431,-73.92232,0,Two lanes blocked,22,0,Long Island Expy E,County Highways,R,Maspeth,Queens,NY,11378,US,US/Eastern,KLGA,2017-10-24 7:51,2017-10-24 7:51,70,Day,Day,0,87,29.85,10,South,18.4,0.04,Light Rain,0,0,0,0,0,0,0,0,0,0,0,0,Day,Day,Day
8,7,2,2017-10-20 20:29,2017-10-20 21:14,0:45,2017-10-20 20:29,20:29:00,2017-10-20,20:00,2017,10,20,41.67018,-73.78852,41.67018,-73.78852,0,Right hand shoulder blocked ,39,0,Taconic State Pkwy,County Highways,R,Lagrangeville,Dutchess,NY,12540,US,US/Eastern,KPOU,2017-10-20 20:53,2017-10-20 20:53,50,Night,Night,0,74,30.15,10,Calm,0,0,Clear,0,0,0,0,0,0,0,0,0,0,0,0,Night,Night,Night
18,17,3,2017-10-20 13:42,2017-10-20 14:27,0:45,2017-10-20 13:42,13:42:00,2017-10-20,13:00,2017,10,20,41.53931,-73.77114,41.53931,-73.77114,0,Right hand shoulder blocked ,19,0,Taconic State Pkwy,County Highways,R,Hopewell Junction,Dutchess,NY,12533,US,US/Eastern,KPOU,2017-10-20 13:53,2017-10-20 13:53,70,Day,Day,0,28,30.08,10,Variable,3.5,0,Clear,0,0,0,0,0,0,0,0,0,0,0,0,Day,Day,Day
40,9,3,2017-10-20 14:04,2017-10-20 14:49,0:45,2017-10-20 14:04,14:04:00,2017-10-20,14:00,2017,10,20,40.82445,-73.8726,40.82445,-73.8726,0,Right lane blocked,22,0,Bronx River Pkwy S,County Highways,R,Bronx,Bronx,NY,10473,US,US/Eastern,KLGA,2017-10-20 13:51,2017-10-20 13:51,72,Day,Day,0,23,30.1,10,NNW,11.5,0,Clear,0,0,0,0,1,0,0,0,0,0,0,0,Day,Day,Day
12,16,3,2017-10-20 9:37,2017-10-20 10:06,0:29,2017-10-20 9:37,9:37:00,2017-10-20,9:00,2017,10,20,40.73431,-73.92232,40.73431,-73.92232,0,Right lane blocked,28,0,Long Island Expy E,County Highways,R,Maspeth,Queens,NY,11378,US,US/Eastern,KLGA,2017-10-20 9:51,2017-10-20 9:51,63,Day,Day,0,43,30.17,10,NW,11.5,0,Partly Cloudy,0,0,0,0,0,0,0,0,0,0,0,0,Day,Day,Day
34,12,3,2017-10-19 16:56,2017-10-19 17:41,0:45,2017-10-19 16:56,16:56:00,2017-10-19,16:00,2017,10,19,40.84514,-73.92654,40.84514,-73.92654,0,Right and center lane blocked,22,0,Major Deegan Expy N,County Highways,R,Bronx,Bronx,NY,10452,US,US/Eastern,KLGA,2017-10-19 16:51,2017-10-19 16:51,72,Day,Day,0,29,30.08,10,SSW,13.8,0,Scattered Clouds,0,0,0,0,0,0,0,0,0,0,0,0,Day,Day,Day
40,9,3,2017-10-19 15:28,2017-10-19 16:13,0:45,2017-10-19 15:28,15:28:00,2017-10-19,15:00,2017,10,19,40.82445,-73.8726,40.82445,-73.8726,0,Right lane blocked,20,0,Bronx River Pkwy S,County Highways,R,Bronx,Bronx,NY,10473,US,US/Eastern,KLGA,2017-10-19 15:51,2017-10-19 15:51,72,Day,Day,0,30,30.1,10,SSW,13.8,0,Partly Cloudy,0,0,0,0,1,0,0,0,0,0,0,0,Day,Day,Day
37,9,2,2017-10-19 13:15,2017-10-19 14:00,0:45,2017-10-19 13:15,13:15:00,2017-10-19,13:00,2017,10,19,40.92158,-73.80969,0,0,0,Right lane blocked,25,0,Hutchinson River Pkwy S,County Highways,R,Pelham,Westchester,NY,10803,US,US/Eastern,KLGA,2017-10-19 12:51,2017-10-19 12:51,69.1,Day,Day,0,36,30.19,10,WSW,15,0,Partly Cloudy,0,0,0,0,1,0,0,0,0,0,0,0,Day,Day,Day
12,16,3,2017-10-18 7:10,2017-10-18 7:40,0:30,2017-10-18 7:10,7:10:00,2017-10-18,7:00,2017,10,18,40.73431,-73.92232,40.73431,-73.92232,0,Right lane blocked,22,0,Long Island Expy E,County Highways,R,Maspeth,Queens,NY,11378,US,US/Eastern,KLGA,2017-10-18 6:51,2017-10-18 6:51,53.1,Day,Day,0,57,30.3,10,SW,6.9,0,Clear,0,0,0,0,0,0,0,0,0,0,0,0,Day,Day,Day
34,12,3,2017-10-16 20:50,2017-10-16 21:34,0:44,2017-10-16 20:50,20:50:00,2017-10-16,20:00,2017,10,16,40.84514,-73.92654,40.84514,-73.92654,0,Right lane blocked,38,0,Major Deegan Expy N,County Highways,R,Bronx,Bronx,NY,10452,US,US/Eastern,KLGA,2017-10-16 20:51,2017-10-16 20:51,54,Night,Night,0,53,30.16,10,NNW,13.8,0,Partly Cloudy,0,0,0,0,0,0,0,0,0,0,0,0,Night,Night,Night
15,7,2,2017-10-13 4:18,2017-10-13 4:48,0:30,2017-10-13 4:18,4:18:00,2017-10-13,4:00,2017,10,13,41.18482,-73.8074,41.18482,-73.8074,0,Right hand shoulder blocked ,46,0,Taconic State Pkwy S,County Highways,R,Chappaqua,Westchester,NY,10514,US,US/Eastern,KHPN,2017-10-13 3:56,2017-10-13 3:56,48,Night,Night,0,77,30.42,10,NNE,4.6,0,Clear,0,0,0,0,0,0,0,0,0,0,0,0,Night,Night,Night
34,12,3,2017-10-11 17:13,2017-10-11 17:58,0:45,2017-10-11 17:13,17:13:00,2017-10-11,17:00,2017,10,11,40.84514,-73.92654,40.84514,-73.92654,0,Right lane blocked,15,0,Major Deegan Expy N,County Highways,R,Bronx,Bronx,NY,10452,US,US/Eastern,KLGA,2017-10-11 16:51,2017-10-11 16:51,71.1,Day,Day,0,73,30.08,10,NE,11.5,0,Overcast,0,0,0,0,0,0,0,0,0,0,0,0,Day,Day,Day
18,17,3,2017-10-10 7:10,2017-10-10 7:40,0:30,2017-10-10 7:10,7:10:00,2017-10-10,7:00,2017,10,10,41.53931,-73.77114,41.53931,-73.77114,0,Right hand shoulder blocked ,22,0,Taconic State Pkwy,County Highways,R,Hopewell Junction,Dutchess,NY,12533,US,US/Eastern,KPOU,2017-10-10 7:05,2017-10-10 7:05,59,Day,Day,0,96,30.03,0.2,Calm,0,0,Fog,0,0,0,0,0,0,0,0,0,0,0,0,Day,Day,Day
35,12,2,2017-10-06 16:25,2017-10-06 17:10,0:45,2017-10-06 16:25,16:25:00,2017-10-06,16:00,2017,10,6,41.77643,-73.76835,41.77643,-73.76835,0,Right hand shoulder blocked ,27,0,Taconic State Pkwy,County Highways,R,Pleasant Valley,Dutchess,NY,12569,US,US/Eastern,KPOU,2017-10-06 16:53,2017-10-06 16:53,75.9,Day,Day,0,40,30.02,10,WNW,3.5,0,Partly Cloudy,0,0,0,0,0,0,0,0,0,0,0,0,Day,Day,Day
1,11,2,2017-10-06 15:58,2017-10-06 16:43,0:45,2017-10-06 15:58,15:58:00,2017-10-06,15:00,2017,10,6,41.10979,-73.80144,41.10979,-73.80144,0,Right lane blocked,26,0,Saw Mill River Pkwy N,County Highways,R,Hawthorne,Westchester,NY,10532,US,US/Eastern,KHPN,2017-10-06 15:56,2017-10-06 15:56,79,Day,Day,0,39,30.03,10,Variable,4.6,0,Partly Cloudy,0,0,0,0,0,0,0,0,0,0,0,0,Day,Day,Day
16,12,3,2017-10-06 7:52,2017-10-06 8:22,0:30,2017-10-06 7:52,7:52:00,2017-10-06,7:00,2017,10,6,40.7401,-73.84543,40.7401,-73.84543,0,Two lanes blocked,22,0,Grand Central Pkwy W,County Highways,R,Corona,Queens,NY,11368,US,US/Eastern,KLGA,2017-10-06 7:51,2017-10-06 7:51,70,Day,Day,0,73,30.11,10,NW,5.8,0,Mostly Cloudy,0,0,0,0,0,0,0,0,0,0,0,0,Day,Day,Day
18,17,2,2017-10-02 14:46,2017-10-02 15:30,0:44,2017-10-02 14:46,14:46:00,2017-10-02,14:00,2017,10,2,41.53931,-73.77114,41.53931,-73.77114,0,Right hand shoulder blocked ,23,0,Taconic State Pkwy,County Highways,R,Hopewell Junction,Dutchess,NY,12533,US,US/Eastern,KPOU,2017-10-02 14:53,2017-10-02 14:53,68,Day,Day,0,39,30.38,10,SW,4.6,0,Clear,0,0,0,0,0,0,0,0,0,0,0,0,Day,Day,Day
51,6,3,2017-10-02 9:20,2017-10-02 9:50,0:30,2017-10-02 9:20,9:20:00,2017-10-02,9:00,2017,10,2,41.02558,-73.73134,41.02558,-73.73134,0,Right hand shoulder blocked ,28,0,Cross Westchester Expy E,County Highways,R,West Harrison,Westchester,NY,10604,US,US/Eastern,KHPN,2017-10-02 8:56,2017-10-02 8:56,57,Day,Day,0,64,30.4,10,NW,5.8,0,Clear,0,0,0,0,0,0,0,0,0,0,0,0,Day,Day,Day
35,12,2,2017-09-30 11:31,2017-09-30 12:15,0:44,2017-09-30 11:31,11:31:00,2017-09-30,11:00,2017,9,30,41.77643,-73.76835,41.77643,-73.76835,0,Right hand shoulder blocked ,37,0,Taconic State Pkwy,County Highways,R,Pleasant Valley,Dutchess,NY,12569,US,US/Eastern,KPOU,2017-09-30 11:48,2017-09-30 11:48,55.4,Day,Day,0,88,30.17,7,North,11.5,0,Overcast,0,0,0,0,0,0,0,0,0,0,0,0,Day,Day,Day
37,9,2,2017-09-26 18:39,2017-09-26 19:09,0:30,2017-09-26 18:39,18:39:00,2017-09-26,18:00,2017,9,26,40.92158,-73.80969,40.92158,-73.80969,0,Right hand shoulder blocked ,21,0,Hutchinson River Pkwy S,County Highways,R,Pelham,Westchester,NY,10803,US,US/Eastern,KLGA,2017-09-26 18:51,2017-09-26 18:51,75.9,Day,Day,0,76,29.97,10,South,8.1,0,Mostly Cloudy,0,0,0,0,1,0,0,0,0,0,0,0,Day,Day,Day
9,13,2,2017-09-19 8:14,2017-09-19 8:44,0:30,2017-09-19 8:14,8:14:00,2017-09-19,8:00,2017,9,19,41.40964,-73.78676,41.40964,-73.78676,0,Right lane blocked,24,0,Taconic State Pkwy N,County Highways,R,Putnam Valley,Putnam,NY,10579,US,US/Eastern,KSWF,2017-09-19 7:45,2017-09-19 7:45,68,Day,Day,0,88,30.09,10,East,5.8,0,Mostly Cloudy,0,0,0,0,0,0,0,0,0,0,0,0,Day,Day,Day
12,16,3,2017-09-13 14:17,2017-09-13 15:02,0:45,2017-09-13 14:17,14:17:00,2017-09-13,14:00,2017,9,13,40.73431,-73.92232,40.73431,-73.92232,0,Right lane blocked,22,0,Long Island Expy E,County Highways,R,Maspeth,Queens,NY,11378,US,US/Eastern,KLGA,2017-09-13 13:51,2017-09-13 13:51,82.9,Day,Day,0,42,29.87,10,SW,8.1,0,Mostly Cloudy,0,0,0,0,0,0,0,0,0,0,0,0,Day,Day,Day
32,7,2,2017-09-13 8:18,2017-09-13 9:02,0:44,2017-09-13 8:18,8:18:00,2017-09-13,8:00,2017,9,13,41.25376,-73.80881,41.25376,-73.80881,0,Right hand shoulder blocked ,24,0,Taconic State Pkwy S,County Highways,R,Yorktown Heights,Westchester,NY,10598,US,US/Eastern,KHPN,2017-09-13 7:56,2017-09-13 7:56,64,Day,Day,0,80,29.92,10,WNW,4.6,0,Scattered Clouds,0,0,0,0,0,0,0,0,0,0,0,0,Day,Day,Day
12,16,3,2017-09-12 9:29,2017-09-12 10:13,0:44,2017-09-12 9:29,9:29:00,2017-09-12,9:00,2017,9,12,40.73431,-73.92232,40.73431,-73.92232,0,Right and center lane blocked,28,0,Long Island Expy E,County Highways,R,Maspeth,Queens,NY,11378,US,US/Eastern,KLGA,2017-09-12 9:51,2017-09-12 9:51,70,Day,Day,0,61,30.05,10,North,5.8,0,Mostly Cloudy,0,0,0,0,0,0,0,0,0,0,0,0,Day,Day,Day
35,12,2,2017-09-08 17:38,2017-09-08 18:23,0:45,2017-09-08 17:38,17:38:00,2017-09-08,17:00,2017,9,8,41.77643,-73.76835,41.77643,-73.76835,0,Right hand shoulder blocked ,20,0,Taconic State Pkwy,County Highways,R,Pleasant Valley,Dutchess,NY,12569,US,US/Eastern,KPOU,2017-09-08 17:53,2017-09-08 17:53,68,Day,Day,0,50,30.08,10,West,10.4,0,Mostly Cloudy,0,0,0,0,0,0,0,0,0,0,0,0,Day,Day,Day
14,9,3,2017-09-07 17:32,2017-09-07 18:17,0:45,2017-09-07 17:32,17:32:00,2017-09-07,17:00,2017,9,7,40.66711,-73.99592,40.66711,-73.99592,0,One lane blocked ,15,0,Gowanus Expy E,County Highways,R,Brooklyn,Kings,NY,11215,US,US/Eastern,KJRB,2017-09-07 17:35,2017-09-07 17:35,73.4,Day,Day,0,47,30.42,10,West,17.3,0,Mostly Cloudy,0,0,0,0,0,0,0,0,0,0,0,0,Day,Day,Day
37,9,2,2017-09-07 8:12,2017-09-07 8:42,0:30,2017-09-07 8:12,8:12:00,2017-09-07,8:00,2017,9,7,40.92158,-73.80969,40.92158,-73.80969,0,Right hand shoulder blocked ,24,0,Hutchinson River Pkwy S,County Highways,R,Pelham,Westchester,NY,10803,US,US/Eastern,KLGA,2017-09-07 7:51,2017-09-07 7:51,62.1,Day,Day,0,80,29.87,10,West,9.2,0,Scattered Clouds,0,0,0,0,1,0,0,0,0,0,0,0,Day,Day,Day
35,12,2,2017-09-02 0:44,2017-09-02 1:12,0:28,2017-09-02 0:44,0:44:00,2017-09-02,0:00,2017,9,2,41.77643,-73.76835,41.77643,-73.76835,0,Right hand shoulder blocked ,43,0,Taconic State Pkwy,County Highways,R,Pleasant Valley,Dutchess,NY,12569,US,US/Eastern,KPOU,2017-09-02 0:53,2017-09-02 0:53,46,Night,Night,44.8,89,30.2,10,NE,3.5,0,Clear,0,0,0,0,0,0,0,0,0,0,0,0,Night,Night,Night
40,9,3,2017-09-01 19:02,2017-09-01 19:47,0:45,2017-09-01 19:02,19:02:00,2017-09-01,19:00,2017,9,1,40.82445,-73.8726,40.82445,-73.8726,0,Right lane blocked,28,0,Bronx River Pkwy S,County Highways,R,Bronx,Bronx,NY,10473,US,US/Eastern,KLGA,2017-09-01 18:51,2017-09-01 18:51,69.1,Day,Day,0,40,30.09,10,NW,16.1,0,Mostly Cloudy,0,0,0,0,1,0,0,0,0,0,0,0,Day,Day,Day
12,16,3,2017-08-29 14:43,2017-08-29 15:27,0:44,2017-08-29 14:43,14:43:00,2017-08-29,14:00,2017,8,29,40.73431,-73.92232,40.73431,-73.92232,0,Right and center lane blocked,22,0,Long Island Expy E,County Highways,R,Maspeth,Queens,NY,11378,US,US/Eastern,KLGA,2017-08-29 14:51,2017-08-29 14:51,66.9,Day,Day,0,84,30.14,10,NE,18.4,0.02,Light Rain,0,0,0,0,0,0,0,0,0,0,0,0,Day,Day,Day
34,12,3,2017-08-28 18:57,2017-08-28 19:42,0:45,2017-08-28 18:57,18:57:00,2017-08-28,18:00,2017,8,28,40.84514,-73.92654,40.84514,-73.92654,0,Two lanes blocked,13,0,Major Deegan Expy N,County Highways,R,Bronx,Bronx,NY,10452,US,US/Eastern,KLGA,2017-08-28 18:51,2017-08-28 18:51,72,Day,Day,0,49,30.27,10,Variable,6.9,0,Mostly Cloudy,0,0,0,0,0,0,0,0,0,0,0,0,Day,Day,Day
19,6,3,2017-08-25 16:27,2017-08-25 17:12,0:45,2017-08-25 16:27,16:27:00,2017-08-25,16:00,2017,8,25,40.82236,-73.88721,40.82236,-73.88721,0,One lane blocked ,22,0,Sheridan Expy N,County Highways,R,Bronx,Bronx,NY,10459,US,US/Eastern,KLGA,2017-08-25 16:51,2017-08-25 16:51,75.9,Day,Day,0,45,30.1,10,NW,11.5,0,Mostly Cloudy,0,0,0,0,0,0,0,0,0,0,0,0,Day,Day,Day
18,17,3,2017-08-22 16:35,2017-08-22 17:20,0:45,2017-08-22 16:35,16:35:00,2017-08-22,16:00,2017,8,22,41.53931,-73.77114,41.53931,-73.77114,0,Right hand shoulder blocked ,22,0,Taconic State Pkwy,County Highways,R,Hopewell Junction,Dutchess,NY,12533,US,US/Eastern,KPOU,2017-08-22 16:53,2017-08-22 16:53,88,Day,Day,0,51,29.76,10,SSW,10.4,0,Clear,0,0,0,0,0,0,0,0,0,0,0,0,Day,Day,Day
34,12,3,2017-08-18 13:22,2017-08-18 14:07,0:45,2017-08-18 13:22,13:22:00,2017-08-18,13:00,2017,8,18,40.84514,-73.92654,40.84514,-73.92654,0,Two lanes blocked,19,0,Major Deegan Expy N,County Highways,R,Bronx,Bronx,NY,10452,US,US/Eastern,KLGA,2017-08-18 13:51,2017-08-18 13:51,81,Day,Day,0,88,29.83,10,South,12.7,0,Light Rain,0,0,0,0,0,0,0,0,0,0,0,0,Day,Day,Day
40,9,3,2017-08-18 8:03,2017-08-18 8:32,0:29,2017-08-18 8:03,8:03:00,2017-08-18,8:00,2017,8,18,40.82445,-73.8726,40.82445,-73.8726,0,Two lanes blocked,20,0,Bronx River Pkwy S,County Highways,R,Bronx,Bronx,NY,10473,US,US/Eastern,KLGA,2017-08-18 8:06,2017-08-18 8:06,75.9,Day,Day,0,97,29.87,7,South,8.1,0.02,Light Rain,0,0,0,0,1,0,0,0,0,0,0,0,Day,Day,Day
16,12,2,2017-08-11 20:16,2017-08-11 21:01,0:45,2017-08-11 20:16,20:16:00,2017-08-11,20:00,2017,8,11,40.7401,-73.84543,40.7401,-73.84543,0,Right lane blocked,39,0,Grand Central Pkwy W,County Highways,R,Corona,Queens,NY,11368,US,US/Eastern,KLGA,2017-08-11 19:51,2017-08-11 19:51,75,Day,Day,0,69,30.05,10,South,12.7,0,Mostly Cloudy,0,0,0,0,0,0,0,0,0,0,0,0,Day,Day,Day
27,7,3,2017-08-11 14:25,2017-08-11 15:10,0:45,2017-08-11 14:25,14:25:00,2017-08-11,14:00,2017,8,11,40.83742,-73.88061,40.83742,-73.88061,0,One lane blocked ,22,0,Cross Bronx Expy E,County Highways,R,Bronx,Bronx,NY,10460,US,US/Eastern,KLGA,2017-08-11 14:51,2017-08-11 14:51,80.1,Day,Day,0,48,30.1,10,South,15,0,Mostly Cloudy,0,0,0,0,0,0,0,0,0,0,0,0,Day,Day,Day
12,16,3,2017-08-11 8:55,2017-08-11 9:24,0:29,2017-08-11 8:55,8:55:00,2017-08-11,8:00,2017,8,11,40.73431,-73.92232,40.73431,-73.92232,0,Two lanes blocked,20,0,Long Island Expy E,County Highways,R,Maspeth,Queens,NY,11378,US,US/Eastern,KLGA,2017-08-11 8:51,2017-08-11 8:51,75.9,Day,Day,0,60,30.15,10,SSW,5.8,0,Partly Cloudy,0,0,0,0,0,0,0,0,0,0,0,0,Day,Day,Day
32,7,2,2017-08-08 16:27,2017-08-08 17:12,0:45,2017-08-08 16:27,16:27:00,2017-08-08,16:00,2017,8,8,41.25376,-73.80881,41.25376,-73.80881,0,Right hand shoulder blocked ,27,0,Taconic State Pkwy S,County Highways,R,Yorktown Heights,Westchester,NY,10598,US,US/Eastern,KHPN,2017-08-08 16:56,2017-08-08 16:56,75,Day,Day,0,53,29.97,10,NW,6.9,0,Partly Cloudy,0,0,0,0,0,0,0,0,0,0,0,0,Day,Day,Day
20,6,2,2017-08-04 16:37,2017-08-04 17:22,0:45,2017-08-04 16:37,16:37:00,2017-08-04,16:00,2017,8,4,41.05513,-73.81042,41.05513,-73.81042,0,Right hand shoulder blocked ,27,0,Sprain Brook Pkwy S,County Highways,R,Elmsford,Westchester,NY,10523,US,US/Eastern,KHPN,2017-08-04 16:56,2017-08-04 16:56,82.9,Day,Day,0,49,29.96,10,South,11.5,0,Partly Cloudy,0,0,0,0,1,0,0,0,0,0,0,0,Day,Day,Day
35,12,2,2017-08-04 16:00,2017-08-04 16:45,0:45,2017-08-04 16:00,16:00:00,2017-08-04,16:00,2017,8,4,41.77643,-73.76835,41.77643,-73.76835,0,Right hand shoulder blocked ,27,0,Taconic State Pkwy,County Highways,R,Pleasant Valley,Dutchess,NY,12569,US,US/Eastern,KPOU,2017-08-04 15:53,2017-08-04 15:53,84.9,Day,Day,0,48,29.92,10,SE,13.8,0,Light Rain,0,0,0,0,0,0,0,0,0,0,0,0,Day,Day,Day
26,12,3,2017-08-03 16:34,2017-08-03 17:19,0:45,2017-08-03 16:34,16:34:00,2017-08-03,16:00,2017,8,3,40.69165,-73.99931,0,0,0,Right lane blocked,22,0,Brooklyn Queens Expy,County Highways,R,Brooklyn,Kings,NY,11201,US,US/Eastern,KJRB,2017-08-03 16:35,2017-08-03 16:35,84.2,Day,Day,0,55,30.42,10,SSE,8.1,0,Clear,0,0,0,0,0,0,0,0,0,0,0,1,Day,Day,Day
18,17,3,2017-08-03 14:39,2017-08-03 15:23,0:44,2017-08-03 14:39,14:39:00,2017-08-03,14:00,2017,8,3,41.53931,-73.77114,41.53931,-73.77114,0,Right hand shoulder blocked ,22,0,Taconic State Pkwy,County Highways,R,Hopewell Junction,Dutchess,NY,12533,US,US/Eastern,KPOU,2017-08-03 14:53,2017-08-03 14:53,84,Day,Day,0,56,30.05,10,West,4.6,0,Clear,0,0,0,0,0,0,0,0,0,0,0,0,Day,Day,Day
1,11,2,2017-07-28 6:58,2017-07-28 7:27,0:29,2017-07-28 6:58,6:58:00,2017-07-28,6:00,2017,7,28,41.10979,-73.80144,41.10979,-73.80144,0,Right hand shoulder blocked ,29,0,Saw Mill River Pkwy N,County Highways,R,Hawthorne,Westchester,NY,10532,US,US/Eastern,KHPN,2017-07-28 6:56,2017-07-28 6:56,66.9,Day,Day,0,97,29.86,0.2,North,5.8,0,Fog,0,0,0,0,0,0,0,0,0,0,0,0,Day,Day,Day
1,11,2,2017-07-27 9:11,2017-07-27 9:41,0:30,2017-07-27 9:11,9:11:00,2017-07-27,9:00,2017,7,27,41.10979,-73.80144,41.10979,-73.80144,0,Right hand shoulder blocked ,28,0,Saw Mill River Pkwy N,County Highways,R,Hawthorne,Westchester,NY,10532,US,US/Eastern,KHPN,2017-07-27 8:56,2017-07-27 8:56,66.9,Day,Day,0,81,30.04,10,Variable,4.6,0,Scattered Clouds,0,0,0,0,0,0,0,0,0,0,0,0,Day,Day,Day
34,12,3,2017-07-27 5:01,2017-07-27 5:45,0:44,2017-07-27 5:01,5:01:00,2017-07-27,5:00,2017,7,27,40.84514,-73.92654,40.84514,-73.92654,0,Left and center lane blocked ,36,0,Major Deegan Expy N,County Highways,R,Bronx,Bronx,NY,10452,US,US/Eastern,KLGA,2017-07-27 4:51,2017-07-27 4:51,66.9,Day,Day,0,81,30.05,10,SW,9.2,0,Mostly Cloudy,0,0,0,0,0,0,0,0,0,0,0,0,Night,Day,Day
16,12,2,2017-07-26 16:49,2017-07-26 17:34,0:45,2017-07-26 16:49,16:49:00,2017-07-26,16:00,2017,7,26,40.7401,-73.84543,40.7401,-73.84543,0,Right lane blocked,27,0,Grand Central Pkwy W,County Highways,R,Corona,Queens,NY,11368,US,US/Eastern,KLGA,2017-07-26 16:51,2017-07-26 16:51,75.9,Day,Day,0,52,30.17,10,SSE,9.2,0,Mostly Cloudy,0,0,0,0,0,0,0,0,0,0,0,0,Day,Day,Day
26,12,3,2017-07-26 9:38,2017-07-26 10:08,0:30,2017-07-26 9:38,9:38:00,2017-07-26,9:00,2017,7,26,40.69165,-73.99931,0,0,0,Right and center lane blocked,28,0,Brooklyn Queens Expy,County Highways,R,Brooklyn,Kings,NY,11201,US,US/Eastern,KJRB,2017-07-26 9:35,2017-07-26 9:35,73.4,Day,Day,0,57,30.43,10,Variable,6.9,0.02,Clear,0,0,0,0,0,0,0,0,0,0,0,1,Day,Day,Day
14,9,3,2017-07-24 5:47,2017-07-24 6:16,0:29,2017-07-24 5:47,5:47:00,2017-07-24,5:00,2017,7,24,40.66711,-73.99592,40.66711,-73.99592,0,Two lanes blocked,36,0,Gowanus Expy E,County Highways,R,Brooklyn,Kings,NY,11215,US,US/Eastern,KJRB,2017-07-24 5:42,2017-07-24 5:42,71.6,Day,Day,0,94,29.78,2,NE,12.7,0.25,Rain,0,0,0,0,0,0,0,0,0,0,0,0,Day,Day,Day
15,7,2,2017-07-21 15:52,2017-07-21 16:37,0:45,2017-07-21 15:52,15:52:00,2017-07-21,15:00,2017,7,21,41.18482,-73.8074,41.18482,-73.8074,0,Right hand shoulder blocked ,26,0,Taconic State Pkwy S,County Highways,R,Chappaqua,Westchester,NY,10514,US,US/Eastern,KHPN,2017-07-21 15:56,2017-07-21 15:56,87.8,Day,Day,0,40,29.86,10,WNW,11.5,0,Partly Cloudy,0,0,0,0,0,0,0,0,0,0,0,0,Day,Day,Day
34,12,3,2017-07-18 20:22,2017-07-18 21:06,0:44,2017-07-18 20:22,20:22:00,2017-07-18,20:00,2017,7,18,40.84514,-73.92654,0,0,0,Left and center lane blocked ,38,0,Major Deegan Expy N,County Highways,R,Bronx,Bronx,NY,10452,US,US/Eastern,KLGA,2017-07-18 20:51,2017-07-18 20:51,80.1,Day,Day,0,79,30.05,10,South,11.5,0,Scattered Clouds,0,0,0,0,0,0,0,0,0,0,0,0,Day,Day,Day
8,7,2,2017-07-15 18:09,2017-07-15 18:54,0:45,2017-07-15 18:09,18:09:00,2017-07-15,18:00,2017,7,15,41.67018,-73.78852,41.67018,-73.78852,0,Right hand shoulder blocked ,21,0,Taconic State Pkwy,County Highways,R,Lagrangeville,Dutchess,NY,12540,US,US/Eastern,KPOU,2017-07-15 17:53,2017-07-15 17:53,81,Day,Day,0,49,29.87,10,NW,9.2,0,Clear,0,0,0,0,0,0,0,0,0,0,0,0,Day,Day,Day
26,12,3,2017-07-14 11:21,2017-07-14 11:51,0:30,2017-07-14 11:21,11:21:00,2017-07-14,11:00,2017,7,14,40.69165,-73.99931,0,0,0,Right lane blocked,33,0,Brooklyn Queens Expy,County Highways,R,Brooklyn,Kings,NY,11201,US,US/Eastern,KJRB,2017-07-14 11:15,2017-07-14 11:15,69.8,Day,Day,0,88,30.42,10,NE,8.1,9.97,Overcast,0,0,0,0,0,0,0,0,0,0,0,1,Day,Day,Day
40,9,3,2017-07-09 14:20,2017-07-09 15:05,0:45,2017-07-09 14:20,14:20:00,2017-07-09,14:00,2017,7,9,40.82445,-73.8726,40.82445,-73.8726,0,One lane blocked ,22,0,Bronx River Pkwy S,County Highways,R,Bronx,Bronx,NY,10473,US,US/Eastern,KLGA,2017-07-09 13:51,2017-07-09 13:51,81,Day,Day,0,36,30.01,10,WNW,9.2,0,Scattered Clouds,0,0,0,0,1,0,0,0,0,0,0,0,Day,Day,Day
35,12,2,2017-07-07 17:49,2017-07-07 18:34,0:45,2017-07-07 17:49,17:49:00,2017-07-07,17:00,2017,7,7,41.77643,-73.76835,41.77643,-73.76835,0,Right hand shoulder blocked ,20,0,Taconic State Pkwy,County Highways,R,Pleasant Valley,Dutchess,NY,12569,US,US/Eastern,KPOU,2017-07-07 17:53,2017-07-07 17:53,80.1,Day,Day,0,62,29.69,10,South,5.8,0,Clear,0,0,0,0,0,0,0,0,0,0,0,0,Day,Day,Day
1,11,2,2017-07-07 11:23,2017-07-07 11:52,0:29,2017-07-07 11:23,11:23:00,2017-07-07,11:00,2017,7,7,41.10979,-73.80144,41.10979,-73.80144,0,Right hand shoulder blocked ,37,0,Saw Mill River Pkwy N,County Highways,R,Hawthorne,Westchester,NY,10532,US,US/Eastern,KHPN,2017-07-07 10:56,2017-07-07 10:56,68,Day,Day,0,90,29.78,1.2,North,17.3,0.56,Heavy Rain,0,0,0,0,0,0,0,0,0,0,0,0,Day,Day,Day
26,12,3,2017-07-05 11:23,2017-07-05 11:53,0:30,2017-07-05 11:23,11:23:00,2017-07-05,11:00,2017,7,5,40.69165,-73.99931,40.69165,-73.99931,0,Right lane blocked,33,0,Brooklyn Queens Expy,County Highways,R,Brooklyn,Kings,NY,11201,US,US/Eastern,KJRB,2017-07-05 11:15,2017-07-05 11:15,80.6,Day,Day,0,54,30.43,10,NE,10.4,0,Clear,0,0,0,0,0,0,0,0,0,0,0,1,Day,Day,Day
9,13,2,2017-07-01 6:43,2017-07-01 7:12,0:29,2017-07-01 6:43,6:43:00,2017-07-01,6:00,2017,7,1,41.40964,-73.78676,41.40964,-73.78676,0,Right hand shoulder blocked ,29,0,Taconic State Pkwy N,County Highways,R,Putnam Valley,Putnam,NY,10579,US,US/Eastern,KSWF,2017-07-01 6:45,2017-07-01 6:45,71.6,Day,Day,0,100,29.98,20,Calm,0,0,Mostly Cloudy,0,0,0,0,0,0,0,0,0,0,0,0,Day,Day,Day
27,7,3,2017-06-30 7:16,2017-06-30 7:46,0:30,2017-06-30 7:16,7:16:00,2017-06-30,7:00,2017,6,30,40.83742,-73.88061,40.83742,-73.88061,0,Two lanes blocked,22,0,Cross Bronx Expy E,County Highways,R,Bronx,Bronx,NY,10460,US,US/Eastern,KLGA,2017-06-30 6:51,2017-06-30 6:51,75,Day,Day,0,69,29.99,10,SSW,8.1,0,Scattered Clouds,0,0,0,0,0,0,0,0,0,0,0,0,Day,Day,Day
16,12,3,2017-06-22 19:33,2017-06-22 20:17,0:44,2017-06-22 19:33,19:33:00,2017-06-22,19:00,2017,6,22,40.7401,-73.84543,40.7401,-73.84543,0,Right lane blocked,28,0,Grand Central Pkwy W,County Highways,R,Corona,Queens,NY,11368,US,US/Eastern,KLGA,2017-06-22 19:51,2017-06-22 19:51,78.1,Day,Day,0,68,29.9,10,South,9.2,0,Mostly Cloudy,0,0,0,0,0,0,0,0,0,0,0,0,Day,Day,Day
35,12,2,2017-06-22 14:46,2017-06-22 15:31,0:45,2017-06-22 14:46,14:46:00,2017-06-22,14:00,2017,6,22,41.77643,-73.76835,41.77643,-73.76835,0,Right hand shoulder blocked ,23,0,Taconic State Pkwy,County Highways,R,Pleasant Valley,Dutchess,NY,12569,US,US/Eastern,KPOU,2017-06-22 14:53,2017-06-22 14:53,81,Day,Day,0,45,29.91,10,WSW,11.5,0,Clear,0,0,0,0,0,0,0,0,0,0,0,0,Day,Day,Day
34,12,3,2017-06-20 19:15,2017-06-20 20:00,0:45,2017-06-20 19:15,19:15:00,2017-06-20,19:00,2017,6,20,40.84514,-73.92654,40.84514,-73.92654,0,Right lane blocked,28,0,Major Deegan Expy N,County Highways,R,Bronx,Bronx,NY,10452,US,US/Eastern,KLGA,2017-06-20 18:51,2017-06-20 18:51,84,Day,Day,0,29,29.91,10,West,21.9,0,Scattered Clouds,0,0,0,0,0,0,0,0,0,0,0,0,Day,Day,Day
51,6,3,2017-06-20 17:37,2017-06-20 18:22,0:45,2017-06-20 17:37,17:37:00,2017-06-20,17:00,2017,6,20,41.02558,-73.73134,41.02558,-73.73134,0,Right hand shoulder blocked ,15,0,Cross Westchester Expy E,County Highways,R,West Harrison,Westchester,NY,10604,US,US/Eastern,KHPN,2017-06-20 17:56,2017-06-20 17:56,80.6,Day,Day,0,37,29.89,10,WSW,10.4,0,Scattered Clouds,0,0,0,0,0,0,0,0,0,0,0,0,Day,Day,Day
18,17,2,2017-06-20 17:00,2017-06-20 17:44,0:44,2017-06-20 17:00,17:00:00,2017-06-20,17:00,2017,6,20,41.53931,-73.77114,41.53931,-73.77114,0,Right hand shoulder blocked ,20,0,Taconic State Pkwy,County Highways,R,Hopewell Junction,Dutchess,NY,12533,US,US/Eastern,KPOU,2017-06-20 16:53,2017-06-20 16:53,81,Day,Day,0,36,29.87,10,WSW,17.3,0,Clear,0,0,0,0,0,0,0,0,0,0,0,0,Day,Day,Day
9,13,2,2017-06-19 14:35,2017-06-19 15:20,0:45,2017-06-19 14:35,14:35:00,2017-06-19,14:00,2017,6,19,41.40964,-73.78676,41.40964,-73.78676,0,Right hand shoulder blocked ,23,0,Taconic State Pkwy N,County Highways,R,Putnam Valley,Putnam,NY,10579,US,US/Eastern,KSWF,2017-06-19 14:45,2017-06-19 14:45,80.6,Day,Day,0,89,29.75,10,Variable,5.8,0,Light Rain,0,0,0,0,0,0,0,0,0,0,0,0,Day,Day,Day
40,9,3,2017-06-18 7:32,2017-06-18 8:02,0:30,2017-06-18 7:32,7:32:00,2017-06-18,7:00,2017,6,18,40.82445,-73.8726,40.82445,-73.8726,0,Two lanes blocked,22,0,Bronx River Pkwy S,County Highways,R,Bronx,Bronx,NY,10473,US,US/Eastern,KLGA,2017-06-18 7:29,2017-06-18 7:29,72,Day,Day,0,93,29.89,3,South,6.9,0,Overcast,0,0,0,0,1,0,0,0,0,0,0,0,Day,Day,Day
16,12,2,2017-06-16 17:56,2017-06-16 18:40,0:44,2017-06-16 17:56,17:56:00,2017-06-16,17:00,2017,6,16,40.7401,-73.84543,40.7401,-73.84543,0,Right lane blocked,20,0,Grand Central Pkwy W,County Highways,R,Corona,Queens,NY,11368,US,US/Eastern,KLGA,2017-06-16 17:51,2017-06-16 17:51,64.9,Day,Day,0,90,29.93,10,NE,13.8,0,Overcast,0,0,0,0,0,0,0,0,0,0,0,0,Day,Day,Day
35,12,2,2017-06-14 22:03,2017-06-14 22:50,0:47,2017-06-14 22:03,22:03:00,2017-06-14,22:00,2017,6,14,41.77643,-73.76835,41.77643,-73.76835,0,Right hand shoulder blocked ,39,0,Taconic State Pkwy,County Highways,R,Pleasant Valley,Dutchess,NY,12569,US,US/Eastern,KPOU,2017-06-14 21:53,2017-06-14 21:53,63,Night,Day,0,70,29.99,10,Calm,0,0,Clear,0,0,0,0,0,0,0,0,0,0,0,0,Night,Night,Day
18,17,2,2017-06-14 15:43,2017-06-14 16:28,0:45,2017-06-14 15:43,15:43:00,2017-06-14,15:00,2017,6,14,41.53931,-73.77114,41.53931,-73.77114,0,Right lane blocked,26,0,Taconic State Pkwy,County Highways,R,Hopewell Junction,Dutchess,NY,12533,US,US/Eastern,KPOU,2017-06-14 15:53,2017-06-14 15:53,81,Day,Day,0,31,29.96,10,North,4.6,0,Clear,0,0,0,0,0,0,0,0,0,0,0,0,Day,Day,Day
8,7,2,2017-06-12 7:05,2017-06-12 7:35,0:30,2017-06-12 7:05,7:05:00,2017-06-12,7:00,2017,6,12,41.67018,-73.78852,41.67018,-73.78852,0,Right hand shoulder blocked ,23,0,Taconic State Pkwy,County Highways,R,Lagrangeville,Dutchess,NY,12540,US,US/Eastern,KPOU,2017-06-12 6:53,2017-06-12 6:53,68,Day,Day,0,81,30.01,10,Calm,0,0,Clear,0,0,0,0,0,0,0,0,0,0,0,0,Day,Day,Day
35,12,2,2017-06-11 17:54,2017-06-11 18:23,0:29,2017-06-11 17:54,17:54:00,2017-06-11,17:00,2017,6,11,41.77643,-73.76835,41.77643,-73.76835,0,Right hand shoulder blocked ,20,0,Taconic State Pkwy,County Highways,R,Pleasant Valley,Dutchess,NY,12569,US,US/Eastern,KPOU,2017-06-11 17:53,2017-06-11 17:53,90,Day,Day,0,37,29.94,10,SW,9.2,0,Clear,0,0,0,0,0,0,0,0,0,0,0,0,Day,Day,Day
16,12,3,2017-06-09 10:48,2017-06-09 11:18,0:30,2017-06-09 10:48,10:48:00,2017-06-09,10:00,2017,6,9,40.7401,-73.84543,40.7401,-73.84543,0,One lane blocked ,32,0,Grand Central Pkwy W,County Highways,R,Corona,Queens,NY,11368,US,US/Eastern,KLGA,2017-06-09 10:51,2017-06-09 10:51,71.1,Day,Day,0,44,29.75,10,WNW,12.7,0,Mostly Cloudy,0,0,0,0,0,0,0,0,0,0,0,0,Day,Day,Day
34,12,3,2017-06-08 16:10,2017-06-08 16:54,0:44,2017-06-08 16:10,16:10:00,2017-06-08,16:00,2017,6,8,40.84514,-73.92654,40.84514,-73.92654,0,Left and center lane blocked ,22,0,Major Deegan Expy N,County Highways,R,Bronx,Bronx,NY,10452,US,US/Eastern,KLGA,2017-06-08 15:51,2017-06-08 15:51,66.9,Day,Day,0,45,29.96,10,SSE,8.1,0,Overcast,0,0,0,0,0,0,0,0,0,0,0,0,Day,Day,Day
1,11,2,2017-06-08 6:49,2017-06-08 7:19,0:30,2017-06-08 6:49,6:49:00,2017-06-08,6:00,2017,6,8,41.10979,-73.80144,41.10979,-73.80144,0,Right hand shoulder blocked ,29,0,Saw Mill River Pkwy N,County Highways,R,Hawthorne,Westchester,NY,10532,US,US/Eastern,KHPN,2017-06-08 6:56,2017-06-08 6:56,57,Day,Day,0,74,30.01,10,Calm,0,0,Clear,0,0,0,0,0,0,0,0,0,0,0,0,Day,Day,Day
27,7,3,2017-06-07 9:52,2017-06-07 10:22,0:30,2017-06-07 9:52,9:52:00,2017-06-07,9:00,2017,6,7,40.83742,-73.88061,0,0,0.01,Right lane blocked,28,0,Cross Bronx Expy E,County Highways,R,Bronx,Bronx,NY,10460,US,US/Eastern,KLGA,2017-06-07 9:51,2017-06-07 9:51,61,Day,Day,0,60,29.99,10,Variable,5.8,0,Mostly Cloudy,0,0,0,0,0,0,0,0,0,0,0,0,Day,Day,Day
27,7,3,2017-06-07 9:51,2017-06-07 10:21,0:30,2017-06-07 9:51,9:51:00,2017-06-07,9:00,2017,6,7,40.83742,-73.88061,0,0,0.01,Right lane blocked,28,0,Cross Bronx Expy E,County Highways,R,Bronx,Bronx,NY,10460,US,US/Eastern,KLGA,2017-06-07 9:51,2017-06-07 9:51,61,Day,Day,0,60,29.99,10,Variable,5.8,0,Mostly Cloudy,0,0,0,0,0,0,0,0,0,0,0,0,Day,Day,Day
26,12,3,2017-06-06 13:24,2017-06-06 14:09,0:45,2017-06-06 13:24,13:24:00,2017-06-06,13:00,2017,6,6,40.69165,-73.99931,0,0,0.01,Right lane blocked,19,0,Brooklyn Queens Expy,County Highways,R,Brooklyn,Kings,NY,11201,US,US/Eastern,KJRB,2017-06-06 13:26,2017-06-06 13:26,55.4,Day,Day,0,94,29.8,2.5,NE,8.1,0,Light Rain,0,0,0,0,0,0,0,0,0,0,0,1,Day,Day,Day
26,12,3,2017-05-24 10:55,2017-05-24 11:24,0:29,2017-05-24 10:55,10:55:00,2017-05-24,10:00,2017,5,24,40.69165,-73.99931,0,0,0.01,Right lane blocked,32,0,Brooklyn Queens Expy,County Highways,R,Brooklyn,Kings,NY,11201,US,US/Eastern,KJRB,2017-05-24 10:55,2017-05-24 10:55,62.6,Day,Day,0,72,30.41,10,ENE,6.9,0.02,Overcast,0,0,0,0,0,0,0,0,0,0,0,1,Day,Day,Day
14,9,2,2017-05-24 10:51,2017-05-24 11:21,0:30,2017-05-24 10:51,10:51:00,2017-05-24,10:00,2017,5,24,40.66711,-73.99592,0,0,0.01,Two lanes blocked,35,0,Gowanus Expy E,County Highways,R,Brooklyn,Kings,NY,11215,US,US/Eastern,KJRB,2017-05-24 10:55,2017-05-24 10:55,62.6,Day,Day,0,72,30.41,10,ENE,6.9,0.02,Overcast,0,0,0,0,0,0,0,0,0,0,0,0,Day,Day,Day
20,6,2,2017-05-23 8:38,2017-05-23 9:08,0:30,2017-05-23 8:38,8:38:00,2017-05-23,8:00,2017,5,23,41.05513,-73.81042,0,0,0.01,Right hand shoulder blocked ,24,0,Sprain Brook Pkwy S,County Highways,R,Elmsford,Westchester,NY,10523,US,US/Eastern,KHPN,2017-05-23 8:56,2017-05-23 8:56,60.1,Day,Day,0,69,29.95,10,North,4.6,0,Scattered Clouds,0,0,0,0,1,0,0,0,0,0,0,0,Day,Day,Day
18,17,3,2017-05-23 6:58,2017-05-23 7:28,0:30,2017-05-23 6:58,6:58:00,2017-05-23,6:00,2017,5,23,41.53931,-73.77114,0,0,0.01,Right hand shoulder blocked ,29,0,Taconic State Pkwy,County Highways,R,Hopewell Junction,Dutchess,NY,12533,US,US/Eastern,KPOU,2017-05-23 6:53,2017-05-23 6:53,51.1,Day,Day,0,96,29.95,8,Calm,0,0,Partly Cloudy,0,0,0,0,0,0,0,0,0,0,0,0,Day,Day,Day
20,6,2,2017-05-22 8:37,2017-05-22 9:07,0:30,2017-05-22 8:37,8:37:00,2017-05-22,8:00,2017,5,22,41.05513,-73.81042,0,0,0.01,Right hand shoulder blocked ,24,0,Sprain Brook Pkwy S,County Highways,R,Elmsford,Westchester,NY,10523,US,US/Eastern,KHPN,2017-05-22 8:56,2017-05-22 8:56,53.1,Day,Day,0,86,30.17,10,ESE,6.9,0,Mostly Cloudy,0,0,0,0,1,0,0,0,0,0,0,0,Day,Day,Day
8,7,2,2017-05-18 10:51,2017-05-18 11:20,0:29,2017-05-18 10:51,10:51:00,2017-05-18,10:00,2017,5,18,41.67018,-73.78852,0,0,0.01,Right hand shoulder blocked ,35,0,Taconic State Pkwy,County Highways,R,Lagrangeville,Dutchess,NY,12540,US,US/Eastern,KPOU,2017-05-18 10:53,2017-05-18 10:53,88,Day,Day,0,40,29.87,10,WNW,8.1,0,Clear,0,0,0,0,0,0,0,0,0,0,0,0,Day,Day,Day
20,6,2,2017-05-17 8:58,2017-05-17 9:43,0:45,2017-05-17 8:58,8:58:00,2017-05-17,8:00,2017,5,17,41.05513,-73.81042,0,0,0.01,Right hand shoulder blocked ,24,0,Sprain Brook Pkwy S,County Highways,R,Elmsford,Westchester,NY,10523,US,US/Eastern,KHPN,2017-05-17 8:56,2017-05-17 8:56,68,Day,Day,0,52,30,10,West,5.8,0,Clear,0,0,0,0,1,0,0,0,0,0,0,0,Day,Day,Day
37,9,2,2017-05-12 8:44,2017-05-12 9:14,0:30,2017-05-12 8:44,8:44:00,2017-05-12,8:00,2017,5,12,40.92158,-73.80969,0,0,0.01,Right hand shoulder blocked ,24,0,Hutchinson River Pkwy S,County Highways,R,Pelham,Westchester,NY,10803,US,US/Eastern,KLGA,2017-05-12 8:51,2017-05-12 8:51,55.9,Day,Day,0,64,30.08,10,ENE,6.9,0,Scattered Clouds,0,0,0,0,1,0,0,0,0,0,0,0,Day,Day,Day
9,13,2,2017-05-11 7:04,2017-05-11 7:33,0:29,2017-05-11 7:04,7:04:00,2017-05-11,7:00,2017,5,11,41.40964,-73.78676,0,0,0.01,Right hand shoulder blocked ,23,0,Taconic State Pkwy N,County Highways,R,Putnam Valley,Putnam,NY,10579,US,US/Eastern,KSWF,2017-05-11 6:45,2017-05-11 6:45,39.2,Day,Day,0,93,30.05,20,Calm,0,0,Clear,0,0,0,0,0,0,0,0,0,0,0,0,Day,Day,Day
15,7,2,2017-05-09 7:42,2017-05-09 8:11,0:29,2017-05-09 7:42,7:42:00,2017-05-09,7:00,2017,5,9,41.18482,-73.8074,0,0,0.01,Right hand shoulder blocked ,23,0,Taconic State Pkwy S,County Highways,R,Chappaqua,Westchester,NY,10514,US,US/Eastern,KHPN,2017-05-09 7:56,2017-05-09 7:56,48,Day,Day,0,56,29.95,10,East,4.6,0,Scattered Clouds,0,0,0,0,0,0,0,0,0,0,0,0,Day,Day,Day
9,13,2,2017-05-06 6:16,2017-05-06 6:44,0:28,2017-05-06 6:16,6:16:00,2017-05-06,6:00,2017,5,6,41.40964,-73.78676,0,0,0.01,Right hand shoulder blocked ,29,0,Taconic State Pkwy N,County Highways,R,Putnam Valley,Putnam,NY,10579,US,US/Eastern,KSWF,2017-05-06 6:45,2017-05-06 6:45,60.8,Day,Day,0,100,29.4,6,SE,13.8,0,Light Drizzle,0,0,0,0,0,0,0,0,0,0,0,0,Day,Day,Day
66,6,3,2017-05-03 15:50,2017-05-03 16:35,0:45,2017-05-03 15:50,15:50:00,2017-05-03,15:00,2017,5,3,40.70174,-73.99126,0,0,0.01,Left and center lane blocked ,20,0,Brooklyn Queens Expy,County Highways,R,Brooklyn,Kings,NY,11201,US,US/Eastern,KJRB,2017-05-03 15:55,2017-05-03 15:55,66.2,Day,Day,0,32,30.42,10,Variable,4.6,0,Partly Cloudy,0,0,0,0,0,0,0,0,0,0,0,0,Day,Day,Day
8,7,2,2017-04-29 17:00,2017-04-29 17:30,0:30,2017-04-29 17:00,17:00:00,2017-04-29,17:00,2017,4,29,41.67018,-73.78852,0,0,0.01,Right hand shoulder blocked ,20,0,Taconic State Pkwy,County Highways,R,Lagrangeville,Dutchess,NY,12540,US,US/Eastern,KPOU,2017-04-29 16:53,2017-04-29 16:53,79,Day,Day,0,45,29.96,10,WNW,11.5,0,Overcast,0,0,0,0,0,0,0,0,0,0,0,0,Day,Day,Day
14,9,3,2017-04-28 15:29,2017-04-28 16:13,0:44,2017-04-28 15:29,15:29:00,2017-04-28,15:00,2017,4,28,40.66711,-73.99592,0,0,0.01,Right lane blocked,20,0,Gowanus Expy E,County Highways,R,Brooklyn,Kings,NY,11215,US,US/Eastern,KJRB,2017-04-28 15:35,2017-04-28 15:35,80.6,Day,Day,0,39,30.42,10,WSW,8.1,10,Clear,0,0,0,0,0,0,0,0,0,0,0,0,Day,Day,Day
12,16,3,2017-04-27 10:40,2017-04-27 11:09,0:29,2017-04-27 10:40,10:40:00,2017-04-27,10:00,2017,4,27,40.73431,-73.92232,0,0,0.01,Right lane blocked,32,0,Long Island Expy E,County Highways,R,Maspeth,Queens,NY,11378,US,US/Eastern,KLGA,2017-04-27 10:51,2017-04-27 10:51,64.9,Day,Day,0,78,29.91,7,South,8.1,0,Overcast,0,0,0,0,0,0,0,0,0,0,0,0,Day,Day,Day
40,9,3,2017-04-25 16:30,2017-04-25 17:14,0:44,2017-04-25 16:30,16:30:00,2017-04-25,16:00,2017,4,25,40.82445,-73.8726,0,0,0.01,Left and center lane blocked ,22,0,Bronx River Pkwy S,County Highways,R,Bronx,Bronx,NY,10473,US,US/Eastern,KLGA,2017-04-25 16:51,2017-04-25 16:51,54,Day,Day,0,90,29.95,4,ENE,23,0.02,Light Rain,0,0,0,0,1,0,0,0,0,0,0,0,Day,Day,Day
66,6,2,2017-04-25 8:46,2017-04-25 9:16,0:30,2017-04-25 8:46,8:46:00,2017-04-25,8:00,2017,4,25,40.70174,-73.99126,0,0,0.97,Two lanes blocked,24,0,Brooklyn Queens Expy,County Highways,R,Brooklyn,Kings,NY,11201,US,US/Eastern,KJRB,2017-04-25 8:47,2017-04-25 8:47,51.8,Day,Day,0,88,30.07,9,NE,19.6,0,Overcast,0,0,0,0,0,0,0,0,0,0,0,0,Day,Day,Day
37,9,2,2017-04-24 11:16,2017-04-24 11:46,0:30,2017-04-24 11:16,11:16:00,2017-04-24,11:00,2017,4,24,40.92158,-73.80969,0,0,0.01,Right hand shoulder blocked ,37,0,Hutchinson River Pkwy S,County Highways,R,Pelham,Westchester,NY,10803,US,US/Eastern,KLGA,2017-04-24 10:51,2017-04-24 10:51,55.9,Day,Day,0,62,30.17,10,NNE,5.8,0,Overcast,0,0,0,0,1,0,0,0,0,0,0,0,Day,Day,Day
19,6,3,2017-04-23 22:02,2017-04-23 23:02,1:00,2017-04-23 22:02,22:02:00,2017-04-23,22:00,2017,4,23,40.82236,-73.88721,0,0,0.01,One lane blocked ,36,0,Sheridan Expy N,County Highways,R,Bronx,Bronx,NY,10459,US,US/Eastern,KLGA,2017-04-23 21:51,2017-04-23 21:51,52,Night,Night,0,69,30.13,10,South,11.5,0,Overcast,0,0,0,0,0,0,0,0,0,0,0,0,Night,Night,Night
20,6,2,2017-04-22 8:33,2017-04-22 9:16,0:43,2017-04-22 8:33,8:33:00,2017-04-22,8:00,2017,4,22,41.05513,-73.81042,0,0,0.01,Right hand shoulder blocked ,24,0,Sprain Brook Pkwy S,County Highways,R,Elmsford,Westchester,NY,10523,US,US/Eastern,KHPN,2017-04-22 8:56,2017-04-22 8:56,51.1,Day,Day,0,86,29.93,10,North,5.8,0,Light Rain,0,0,0,0,1,0,0,0,0,0,0,0,Day,Day,Day
1,11,2,2017-04-21 8:26,2017-04-21 8:55,0:29,2017-04-21 8:26,8:26:00,2017-04-21,8:00,2017,4,21,41.10979,-73.80144,0,0,0.01,Right hand shoulder blocked ,24,0,Saw Mill River Pkwy N,County Highways,R,Hawthorne,Westchester,NY,10532,US,US/Eastern,KHPN,2017-04-21 8:56,2017-04-21 8:56,48,Day,Day,0,93,29.98,3,East,8.1,0.03,Light Rain,0,0,0,0,0,0,0,0,0,0,0,0,Day,Day,Day
40,9,3,2017-04-20 16:28,2017-04-20 17:13,0:45,2017-04-20 16:28,16:28:00,2017-04-20,16:00,2017,4,20,40.82445,-73.8726,0,0,0.01,One lane blocked ,22,0,Bronx River Pkwy S,County Highways,R,Bronx,Bronx,NY,10473,US,US/Eastern,KLGA,2017-04-20 16:51,2017-04-20 16:51,64.9,Day,Day,0,58,30.03,10,NE,9.2,0,Scattered Clouds,0,0,0,0,1,0,0,0,0,0,0,0,Day,Day,Day
19,6,3,2017-04-19 20:46,2017-04-19 21:31,0:45,2017-04-19 20:46,20:46:00,2017-04-19,20:00,2017,4,19,40.82236,-73.88721,0,0,0.01,Right lane blocked,38,0,Sheridan Expy N,County Highways,R,Bronx,Bronx,NY,10459,US,US/Eastern,KLGA,2017-04-19 20:51,2017-04-19 20:51,50,Night,Day,0,74,30.29,10,South,8.1,0,Overcast,0,0,0,0,0,0,0,0,0,0,0,0,Night,Night,Day
1,11,2,2017-04-19 9:24,2017-04-19 10:08,0:44,2017-04-19 9:24,9:24:00,2017-04-19,9:00,2017,4,19,41.10979,-73.80144,0,0,0.01,Right hand shoulder blocked ,28,0,Saw Mill River Pkwy N,County Highways,R,Hawthorne,Westchester,NY,10532,US,US/Eastern,KHPN,2017-04-19 8:56,2017-04-19 8:56,44.1,Day,Day,38.6,73,30.52,10,SE,10.4,0,Mostly Cloudy,0,0,0,0,0,0,0,0,0,0,0,0,Day,Day,Day
12,16,3,2017-04-14 13:44,2017-04-14 14:29,0:45,2017-04-14 13:44,13:44:00,2017-04-14,13:00,2017,4,14,40.73431,-73.92232,0,0,0.01,Two lanes blocked,19,0,Long Island Expy E,County Highways,R,Maspeth,Queens,NY,11378,US,US/Eastern,KLGA,2017-04-14 13:51,2017-04-14 13:51,62.1,Day,Day,0,29,30.38,10,NE,10.4,0,Scattered Clouds,0,0,0,0,0,0,0,0,0,0,0,0,Day,Day,Day
16,12,3,2017-04-11 20:27,2017-04-11 21:11,0:44,2017-04-11 20:27,20:27:00,2017-04-11,20:00,2017,4,11,40.7401,-73.84543,0,0,0.01,One lane blocked ,38,0,Grand Central Pkwy W,County Highways,R,Corona,Queens,NY,11368,US,US/Eastern,KLGA,2017-04-11 20:51,2017-04-11 20:51,64.9,Day,Day,0,61,30.07,10,South,4.6,0,Mostly Cloudy,0,0,0,0,0,0,0,0,0,0,0,0,Night,Day,Day
9,13,2,2017-04-06 17:23,2017-04-06 18:08,0:45,2017-04-06 17:23,17:23:00,2017-04-06,17:00,2017,4,6,41.40964,-73.78676,0,0,0.01,Right hand shoulder blocked ,20,0,Taconic State Pkwy N,County Highways,R,Putnam Valley,Putnam,NY,10579,US,US/Eastern,KSWF,2017-04-06 17:45,2017-04-06 17:45,42.8,Day,Day,36.6,100,29.27,2,East,11.5,0,Light Rain,0,0,0,0,0,0,0,0,0,0,0,0,Day,Day,Day
15,7,2,2017-04-06 8:45,2017-04-06 9:15,0:30,2017-04-06 8:45,8:45:00,2017-04-06,8:00,2017,4,6,41.18482,-73.8074,0,0,0.01,Right and center lane blocked,24,0,Taconic State Pkwy S,County Highways,R,Chappaqua,Westchester,NY,10514,US,US/Eastern,KHPN,2017-04-06 8:56,2017-04-06 8:56,39,Day,Day,28.8,89,29.76,2,East,21.9,0.03,Light Rain,0,0,0,0,0,0,0,0,0,0,0,0,Day,Day,Day
19,6,3,2017-04-03 18:21,2017-04-03 19:06,0:45,2017-04-03 18:21,18:21:00,2017-04-03,18:00,2017,4,3,40.82236,-73.88721,0,0,0.01,One lane blocked ,13,0,Sheridan Expy N,County Highways,R,Bronx,Bronx,NY,10459,US,US/Eastern,KLGA,2017-04-03 18:51,2017-04-03 18:51,55,Day,Day,0,47,29.97,10,SSE,12.7,0,Overcast,0,0,0,0,0,0,0,0,0,0,0,0,Day,Day,Day
66,6,3,2017-04-01 1:44,2017-04-01 2:30,0:46,2017-04-01 1:44,1:44:00,2017-04-01,1:00,2017,4,1,40.70174,-73.99126,0,0,0.01,Right lane blocked,39,0,Brooklyn Queens Expy,County Highways,R,Brooklyn,Kings,NY,11201,US,US/Eastern,KJRB,2017-04-01 1:35,2017-04-01 1:35,39.2,Night,Night,28.3,93,30.41,8,NNE,25.3,0,Overcast,0,0,0,0,0,0,0,0,0,0,0,0,Night,Night,Night
6,8,2,2017-03-30 7:35,2017-03-30 8:05,0:30,2017-03-30 7:35,7:35:00,2017-03-30,7:00,2017,3,30,40.77143,-73.87611,0,0,0.01,Right lane blocked,23,0,Grand Central Pkwy E,County Highways,R,East Elmhurst,Queens,NY,11369,US,US/Eastern,KLGA,2017-03-30 7:51,2017-03-30 7:51,42.1,Day,Day,35.7,45,30.26,10,North,11.5,0,Partly Cloudy,0,0,0,0,1,0,0,0,0,0,0,0,Day,Day,Day
26,12,3,2017-03-28 23:14,2017-03-29 0:13,0:59,2017-03-28 23:14,23:14:00,2017-03-28,23:00,2017,3,28,40.69165,-73.99931,0,0,0.01,Two lanes blocked,40,0,Brooklyn Queens Expy,County Highways,R,Brooklyn,Kings,NY,11201,US,US/Eastern,KJRB,2017-03-28 23:15,2017-03-28 23:15,42.8,Night,Night,41.1,100,30.42,10,ENE,3.5,0,Overcast,0,0,0,0,0,0,0,0,0,0,0,1,Night,Night,Night
16,12,3,2017-03-28 20:36,2017-03-28 21:21,0:45,2017-03-28 20:36,20:36:00,2017-03-28,20:00,2017,3,28,40.7401,-73.84543,0,0,0.01,Right lane blocked,38,0,Grand Central Pkwy W,County Highways,R,Corona,Queens,NY,11368,US,US/Eastern,KLGA,2017-03-28 20:28,2017-03-28 20:28,43,Night,Day,36.8,86,29.93,3,NNE,11.5,0.06,Light Rain,0,0,0,0,0,0,0,0,0,0,0,0,Night,Night,Day
16,12,2,2017-03-28 8:12,2017-03-28 8:42,0:30,2017-03-28 8:12,8:12:00,2017-03-28,8:00,2017,3,28,40.7401,-73.84543,0,0,0.01,One lane blocked ,24,0,Grand Central Pkwy W,County Highways,R,Corona,Queens,NY,11368,US,US/Eastern,KLGA,2017-03-28 8:10,2017-03-28 8:10,43,Day,Day,37.7,86,29.97,3,NE,9.2,0,Overcast,0,0,0,0,0,0,0,0,0,0,0,0,Day,Day,Day
37,9,2,2017-03-27 7:14,2017-03-27 7:44,0:30,2017-03-27 7:14,7:14:00,2017-03-27,7:00,2017,3,27,40.92158,-73.80969,0,0,0.01,Right hand shoulder blocked ,23,0,Hutchinson River Pkwy S,County Highways,R,Pelham,Westchester,NY,10803,US,US/Eastern,KLGA,2017-03-27 6:51,2017-03-27 6:51,39.9,Day,Day,32.9,89,30.14,0.5,NE,11.5,0,Light Rain,0,0,0,0,1,0,0,0,0,0,0,0,Day,Day,Day
9,13,2,2017-03-25 11:39,2017-03-25 12:23,0:44,2017-03-25 11:39,11:39:00,2017-03-25,11:00,2017,3,25,41.40964,-73.78676,0,0,0.01,Right hand shoulder blocked ,37,0,Taconic State Pkwy N,County Highways,R,Putnam Valley,Putnam,NY,10579,US,US/Eastern,KSWF,2017-03-25 11:45,2017-03-25 11:45,44.6,Day,Day,39.7,81,30.21,10,NE,9.2,0,Overcast,0,0,0,0,0,0,0,0,0,0,0,0,Day,Day,Day
66,6,3,2017-03-23 19:06,2017-03-23 19:51,0:45,2017-03-23 19:06,19:06:00,2017-03-23,19:00,2017,3,23,40.70174,-73.99126,0,0,0.01,Right lane blocked,28,0,Brooklyn Queens Expy,County Highways,R,Brooklyn,Kings,NY,11201,US,US/Eastern,KJRB,2017-03-23 19:15,2017-03-23 19:15,42.8,Day,Day,38.6,23,30.43,10,WSW,6.9,0,Clear,0,0,0,0,0,0,0,0,0,0,0,0,Day,Day,Day
32,7,2,2017-03-21 7:48,2017-03-21 8:18,0:30,2017-03-21 7:48,7:48:00,2017-03-21,7:00,2017,3,21,41.25376,-73.80881,0,0,0.01,Right hand shoulder blocked ,23,0,Taconic State Pkwy S,County Highways,R,Yorktown Heights,Westchester,NY,10598,US,US/Eastern,KHPN,2017-03-21 7:56,2017-03-21 7:56,39.9,Day,Day,37.8,53,29.92,10,West,3.5,0,Mostly Cloudy,0,0,0,0,0,0,0,0,0,0,0,0,Day,Day,Day
40,9,3,2017-03-20 20:13,2017-03-20 20:58,0:45,2017-03-20 20:13,20:13:00,2017-03-20,20:00,2017,3,20,40.82445,-73.8726,0,0,0.01,Right and center lane blocked,38,0,Bronx River Pkwy S,County Highways,R,Bronx,Bronx,NY,10473,US,US/Eastern,KLGA,2017-03-20 19:51,2017-03-20 19:51,51.1,Night,Day,0,27,29.98,10,NNW,8.1,0,Mostly Cloudy,0,0,0,0,1,0,0,0,0,0,0,0,Night,Night,Day
6,8,2,2017-03-20 17:16,2017-03-20 18:01,0:45,2017-03-20 17:16,17:16:00,2017-03-20,17:00,2017,3,20,40.77143,-73.87611,0,0,0.01,One lane blocked ,20,0,Grand Central Pkwy E,County Highways,R,East Elmhurst,Queens,NY,11369,US,US/Eastern,KLGA,2017-03-20 16:51,2017-03-20 16:51,52,Day,Day,0,22,30,10,NW,9.2,0,Mostly Cloudy,0,0,0,0,1,0,0,0,0,0,0,0,Day,Day,Day
6,8,2,2017-03-16 12:48,2017-03-16 13:17,0:29,2017-03-16 12:48,12:48:00,2017-03-16,12:00,2017,3,16,40.77143,-73.87611,0,0,0.01,Right and center lane blocked,24,0,Grand Central Pkwy E,County Highways,R,East Elmhurst,Queens,NY,11369,US,US/Eastern,KLGA,2017-03-16 12:51,2017-03-16 12:51,36,Day,Day,25.3,37,29.96,10,West,19.6,0,Mostly Cloudy,0,0,0,0,1,0,0,0,0,0,0,0,Day,Day,Day
16,12,3,2017-03-15 10:27,2017-03-15 10:57,0:30,2017-03-15 10:27,10:27:00,2017-03-15,10:00,2017,3,15,40.7401,-73.84543,0,0,0.01,Right lane blocked,32,0,Grand Central Pkwy W,County Highways,R,Corona,Queens,NY,11368,US,US/Eastern,KLGA,2017-03-15 10:51,2017-03-15 10:51,26.1,Day,Day,11.6,49,29.6,10,West,21.9,0,Overcast,0,0,0,0,0,0,0,0,0,0,0,0,Day,Day,Day
51,6,3,2017-03-10 16:33,2017-03-10 17:18,0:45,2017-03-10 16:33,16:33:00,2017-03-10,16:00,2017,3,10,41.02558,-73.73134,0,0,0.01,Right hand shoulder blocked ,22,0,Cross Westchester Expy E,County Highways,R,West Harrison,Westchester,NY,10604,US,US/Eastern,KHPN,2017-03-10 16:56,2017-03-10 16:56,34,Day,Day,21.3,48,29.8,10,NNW,25.3,0,Scattered Clouds,0,0,0,0,0,0,0,0,0,0,0,0,Day,Day,Day
51,6,3,2017-03-09 4:00,2017-03-09 4:30,0:30,2017-03-09 4:00,4:00:00,2017-03-09,4:00,2017,3,9,41.02558,-73.73134,0,0,0.01,Right hand shoulder blocked ,43,0,Cross Westchester Expy E,County Highways,R,West Harrison,Westchester,NY,10604,US,US/Eastern,KHPN,2017-03-09 3:56,2017-03-09 3:56,51.1,Night,Night,0,26,29.9,10,West,9.2,0,Clear,0,0,0,0,0,0,0,0,0,0,0,0,Night,Night,Night
1,11,2,2017-03-06 11:09,2017-03-06 11:39,0:30,2017-03-06 11:09,11:09:00,2017-03-06,11:00,2017,3,6,41.10979,-73.80144,0,0,0.01,Right hand shoulder blocked ,37,0,Saw Mill River Pkwy N,County Highways,R,Hawthorne,Westchester,NY,10532,US,US/Eastern,KHPN,2017-03-06 10:56,2017-03-06 10:56,36,Day,Day,31.1,20,30.53,10,Variable,5.8,0,Clear,0,0,0,0,0,0,0,0,0,0,0,0,Day,Day,Day
12,16,3,2017-03-06 8:56,2017-03-06 9:25,0:29,2017-03-06 8:56,8:56:00,2017-03-06,8:00,2017,3,6,40.73431,-73.92232,0,0,0.01,Two lanes blocked,20,0,Long Island Expy E,County Highways,R,Maspeth,Queens,NY,11378,US,US/Eastern,KLGA,2017-03-06 8:51,2017-03-06 8:51,30.9,Day,Day,25.2,27,30.55,10,ENE,5.8,0,Partly Cloudy,0,0,0,0,0,0,0,0,0,0,0,0,Day,Day,Day
66,6,3,2017-03-06 8:03,2017-03-06 8:32,0:29,2017-03-06 8:03,8:03:00,2017-03-06,8:00,2017,3,6,40.70174,-73.99126,0,0,0.01,One lane blocked ,20,0,Brooklyn Queens Expy,County Highways,R,Brooklyn,Kings,NY,11201,US,US/Eastern,KJRB,2017-03-06 7:56,2017-03-06 7:56,33.1,Day,Day,27.7,42,30.56,10,NE,5.8,0,Clear,0,0,0,0,0,0,0,0,0,0,0,0,Day,Day,Day
51,6,3,2017-03-02 20:47,2017-03-02 21:32,0:45,2017-03-02 20:47,20:47:00,2017-03-02,20:00,2017,3,2,41.02558,-73.73134,0,0,0.01,Right hand shoulder blocked ,38,0,Cross Westchester Expy E,County Highways,R,West Harrison,Westchester,NY,10604,US,US/Eastern,KHPN,2017-03-02 20:56,2017-03-02 20:56,36,Night,Night,25.6,34,30.03,10,WNW,18.4,0,Clear,0,0,0,0,0,0,0,0,0,0,0,0,Night,Night,Night
9,13,2,2017-03-01 10:10,2017-03-01 10:39,0:29,2017-03-01 10:10,10:10:00,2017-03-01,10:00,2017,3,1,41.40964,-73.78676,0,0,0.01,Right hand shoulder blocked ,35,0,Taconic State Pkwy N,County Highways,R,Putnam Valley,Putnam,NY,10579,US,US/Eastern,KSWF,2017-03-01 9:45,2017-03-01 9:45,59,Day,Day,0,88,29.71,10,WSW,9.2,0,Overcast,0,0,0,0,0,0,0,0,0,0,0,0,Day,Day,Day
18,17,2,2017-02-28 14:45,2017-02-28 15:29,0:44,2017-02-28 14:45,14:45:00,2017-02-28,14:00,2017,2,28,41.53931,-73.77114,0,0,0.01,Right hand shoulder blocked ,23,0,Taconic State Pkwy,County Highways,R,Hopewell Junction,Dutchess,NY,12533,US,US/Eastern,KPOU,2017-02-28 14:53,2017-02-28 14:53,60.1,Day,Day,0,35,30.16,10,SSW,8.1,0,Clear,0,0,0,0,0,0,0,0,0,0,0,0,Day,Day,Day
9,13,2,2017-02-28 10:52,2017-02-28 11:22,0:30,2017-02-28 10:52,10:52:00,2017-02-28,10:00,2017,2,28,41.40964,-73.78676,0,0,0.01,Right hand shoulder blocked ,35,0,Taconic State Pkwy N,County Highways,R,Putnam Valley,Putnam,NY,10579,US,US/Eastern,KSWF,2017-02-28 10:45,2017-02-28 10:45,53.6,Day,Day,0,47,30.33,15,SE,8.1,0,Scattered Clouds,0,0,0,0,0,0,0,0,0,0,0,0,Day,Day,Day
27,7,3,2017-02-27 18:38,2017-02-27 19:23,0:45,2017-02-27 18:38,18:38:00,2017-02-27,18:00,2017,2,27,40.83742,-73.88061,0,0,0.01,Right lane blocked,13,0,Cross Bronx Expy E,County Highways,R,Bronx,Bronx,NY,10460,US,US/Eastern,KLGA,2017-02-27 18:51,2017-02-27 18:51,53.1,Day,Day,0,37,30.39,10,WSW,17.3,0,Mostly Cloudy,0,0,0,0,0,0,0,0,0,0,0,0,Night,Day,Day
6,8,2,2017-02-27 18:56,2017-02-27 19:41,0:45,2017-02-27 18:56,18:56:00,2017-02-27,18:00,2017,2,27,40.77143,-73.87611,0,0,0.01,Right lane blocked,21,0,Grand Central Pkwy E,County Highways,R,East Elmhurst,Queens,NY,11369,US,US/Eastern,KLGA,2017-02-27 18:51,2017-02-27 18:51,53.1,Night,Day,0,37,30.39,10,WSW,17.3,0,Mostly Cloudy,0,0,0,0,1,0,0,0,0,0,0,0,Night,Night,Day
15,7,2,2017-02-26 9:16,2017-02-26 9:40,0:24,2017-02-26 9:16,9:16:00,2017-02-26,9:00,2017,2,26,41.18482,-73.8074,0,0,0.01,Right hand shoulder blocked ,28,0,Taconic State Pkwy S,County Highways,R,Chappaqua,Westchester,NY,10514,US,US/Eastern,KHPN,2017-02-26 8:56,2017-02-26 8:56,35.1,Day,Day,23,48,29.94,10,NW,24.2,0,Mostly Cloudy,0,0,0,0,0,0,0,0,0,0,0,0,Day,Day,Day
14,9,3,2017-02-21 19:32,2017-02-21 20:17,0:45,2017-02-21 19:32,19:32:00,2017-02-21,19:00,2017,2,21,40.66711,-73.99592,0,0,0.01,Right lane blocked,28,0,Gowanus Expy E,County Highways,R,Brooklyn,Kings,NY,11215,US,US/Eastern,KJRB,2017-02-21 16:15,2017-02-21 16:15,44.6,Night,Night,40.2,61,30.43,10,South,8.1,0,Clear,0,0,0,0,0,0,0,0,0,0,0,0,Night,Night,Night
26,12,3,2017-02-21 11:48,2017-02-21 12:18,0:30,2017-02-21 11:48,11:48:00,2017-02-21,11:00,2017,2,21,40.69165,-73.99931,0,0,0.01,Right lane blocked,33,0,Brooklyn Queens Expy,County Highways,R,Brooklyn,Kings,NY,11201,US,US/Eastern,KJRB,2017-02-21 11:55,2017-02-21 11:55,46.4,Day,Day,42.9,50,30.43,10,SW,6.9,0,Clear,0,0,0,0,0,0,0,0,0,0,0,1,Day,Day,Day
9,13,2,2017-02-20 7:21,2017-02-20 7:51,0:30,2017-02-20 7:21,7:21:00,2017-02-20,7:00,2017,2,20,41.40964,-73.78676,0,0,0.01,Right hand shoulder blocked ,23,0,Taconic State Pkwy N,County Highways,R,Putnam Valley,Putnam,NY,10579,US,US/Eastern,KSWF,2017-02-20 7:45,2017-02-20 7:45,37.4,Day,Day,30.8,81,30.14,20,WNW,9.2,0,Clear,0,0,0,0,0,0,0,0,0,0,0,0,Day,Day,Day
14,9,3,2017-02-19 10:40,2017-02-19 11:24,0:44,2017-02-19 10:40,10:40:00,2017-02-19,10:00,2017,2,19,40.66711,-73.99592,0,0,0.01,Two lanes blocked,32,0,Gowanus Expy E,County Highways,R,Brooklyn,Kings,NY,11215,US,US/Eastern,KJRB,2017-02-19 10:35,2017-02-19 10:35,60.8,Day,Day,0,42,30.41,10,West,8.1,0,Clear,0,0,0,0,0,0,0,0,0,0,0,0,Day,Day,Day
18,17,2,2017-02-19 7:23,2017-02-19 8:08,0:45,2017-02-19 7:23,7:23:00,2017-02-19,7:00,2017,2,19,41.53931,-73.77114,0,0,0.01,Right hand shoulder blocked ,23,0,Taconic State Pkwy,County Highways,R,Hopewell Junction,Dutchess,NY,12533,US,US/Eastern,KPOU,2017-02-19 6:53,2017-02-19 6:53,28.9,Day,Day,25.2,92,29.73,10,NNE,3.5,0,Clear,0,0,0,0,0,0,0,0,0,0,0,0,Day,Day,Day
6,8,2,2017-02-17 18:26,2017-02-17 19:11,0:45,2017-02-17 18:26,18:26:00,2017-02-17,18:00,2017,2,17,40.77143,-73.87611,0,0,0.01,One lane blocked ,21,0,Grand Central Pkwy E,County Highways,R,East Elmhurst,Queens,NY,11369,US,US/Eastern,KLGA,2017-02-17 18:51,2017-02-17 18:51,41,Day,Day,34.7,41,29.87,10,NW,10.4,0,Mostly Cloudy,0,0,0,0,1,0,0,0,0,0,0,0,Night,Day,Day
26,12,3,2017-02-15 20:36,2017-02-15 21:21,0:45,2017-02-15 20:36,20:36:00,2017-02-15,20:00,2017,2,15,40.69165,-73.99931,0,0,0.01,Right lane blocked,38,0,Brooklyn Queens Expy,County Highways,R,Brooklyn,Kings,NY,11201,US,US/Eastern,KJRB,2017-02-15 20:35,2017-02-15 20:35,37.4,Night,Night,33.8,70,30.4,10,Variable,4.6,9.98,Overcast,0,0,0,0,0,0,0,0,0,0,0,1,Night,Night,Night
51,6,3,2017-02-12 12:02,2017-02-12 12:47,0:45,2017-02-12 12:02,12:02:00,2017-02-12,12:00,2017,2,12,41.02558,-73.73134,0,0,0.01,Right hand shoulder blocked ,19,0,Cross Westchester Expy E,County Highways,R,West Harrison,Westchester,NY,10604,US,US/Eastern,KHPN,2017-02-12 11:56,2017-02-12 11:56,28.9,Day,Day,18.6,85,29.91,2,East,12.7,0.09,Light Snow,0,0,0,0,0,0,0,0,0,0,0,0,Day,Day,Day
18,17,3,2017-02-11 5:24,2017-02-11 5:54,0:30,2017-02-11 5:24,5:24:00,2017-02-11,5:00,2017,2,11,41.53931,-73.77114,0,0,0.01,Right hand shoulder blocked ,36,0,Taconic State Pkwy,County Highways,R,Hopewell Junction,Dutchess,NY,12533,US,US/Eastern,KPOU,2017-02-11 5:53,2017-02-11 5:53,27,Night,Day,0,75,29.96,10,Calm,0,0,Overcast,0,0,0,0,0,0,0,0,0,0,0,0,Night,Night,Day
18,17,3,2017-02-11 3:40,2017-02-11 4:09,0:29,2017-02-11 3:40,3:40:00,2017-02-11,3:00,2017,2,11,41.53931,-73.77114,0,0,0.01,Right hand shoulder blocked ,47,0,Taconic State Pkwy,County Highways,R,Hopewell Junction,Dutchess,NY,12533,US,US/Eastern,KPOU,2017-02-11 3:53,2017-02-11 3:53,25,Night,Night,19.3,78,29.98,10,SE,4.6,0,Overcast,0,0,0,0,0,0,0,0,0,0,0,0,Night,Night,Night
9,13,2,2017-02-10 11:23,2017-02-10 11:52,0:29,2017-02-10 11:23,11:23:00,2017-02-10,11:00,2017,2,10,41.40964,-73.78676,0,0,0.01,Right hand shoulder blocked ,37,0,Taconic State Pkwy N,County Highways,R,Putnam Valley,Putnam,NY,10579,US,US/Eastern,KSWF,2017-02-10 11:45,2017-02-10 11:45,24.8,Day,Day,11.5,59,30.19,20,WNW,17.3,0,Mostly Cloudy,0,0,0,0,0,0,0,0,0,0,0,0,Day,Day,Day
37,9,2,2017-02-10 8:10,2017-02-10 8:40,0:30,2017-02-10 8:10,8:10:00,2017-02-10,8:00,2017,2,10,40.92158,-73.80969,0,0,0.01,Right hand shoulder blocked ,24,0,Hutchinson River Pkwy S,County Highways,R,Pelham,Westchester,NY,10803,US,US/Eastern,KLGA,2017-02-10 7:51,2017-02-10 7:51,23,Day,Day,10.6,40,30.22,10,West,13.8,0,Partly Cloudy,0,0,0,0,1,0,0,0,0,0,0,0,Day,Day,Day
9,13,2,2017-02-08 8:46,2017-02-08 9:17,0:31,2017-02-08 8:46,8:46:00,2017-02-08,8:00,2017,2,8,41.40964,-73.78676,0,0,0.01,Right hand shoulder blocked ,24,0,Taconic State Pkwy N,County Highways,R,Putnam Valley,Putnam,NY,10579,US,US/Eastern,KSWF,2017-02-08 8:45,2017-02-08 8:45,37.4,Day,Day,33.8,100,29.59,0.2,Variable,4.6,0,Fog,0,0,0,0,0,0,0,0,0,0,0,0,Day,Day,Day
18,17,2,2017-02-07 4:55,2017-02-07 5:24,0:29,2017-02-07 4:55,4:55:00,2017-02-07,4:00,2017,2,7,41.53931,-73.77114,0,0,0.01,Right hand shoulder blocked ,46,0,Taconic State Pkwy,County Highways,R,Hopewell Junction,Dutchess,NY,12533,US,US/Eastern,KPOU,2017-02-07 4:53,2017-02-07 4:53,25,Night,Night,0,81,29.95,10,Calm,0,0,Overcast,0,0,0,0,0,0,0,0,0,0,0,0,Night,Night,Night
34,12,3,2017-02-06 19:40,2017-02-06 20:25,0:45,2017-02-06 19:40,19:40:00,2017-02-06,19:00,2017,2,6,40.84514,-73.92654,0,0,0.01,One lane blocked ,28,0,Major Deegan Expy N,County Highways,R,Bronx,Bronx,NY,10452,US,US/Eastern,KLGA,2017-02-06 19:51,2017-02-06 19:51,42.1,Night,Night,36.6,70,30.07,10,South,9.2,0,Partly Cloudy,0,0,0,0,0,0,0,0,0,0,0,0,Night,Night,Night
12,16,3,2017-02-06 14:34,2017-02-06 15:19,0:45,2017-02-06 14:34,14:34:00,2017-02-06,14:00,2017,2,6,40.73431,-73.92232,0,0,0.01,Right lane blocked,22,0,Long Island Expy E,County Highways,R,Maspeth,Queens,NY,11378,US,US/Eastern,KLGA,2017-02-06 14:51,2017-02-06 14:51,48.9,Day,Day,0,31,30.07,10,WNW,6.9,0,Scattered Clouds,0,0,0,0,0,0,0,0,0,0,0,0,Day,Day,Day
32,7,2,2017-02-06 6:53,2017-02-06 7:23,0:30,2017-02-06 6:53,6:53:00,2017-02-06,6:00,2017,2,6,41.25376,-73.80881,0,0,0.01,Right hand shoulder blocked ,29,0,Taconic State Pkwy S,County Highways,R,Yorktown Heights,Westchester,NY,10598,US,US/Eastern,KHPN,2017-02-06 6:56,2017-02-06 6:56,33.1,Day,Day,23,46,30.08,10,WNW,15,0,Clear,0,0,0,0,0,0,0,0,0,0,0,0,Day,Day,Day
12,16,3,2017-02-02 7:03,2017-02-02 7:32,0:29,2017-02-02 7:03,7:03:00,2017-02-02,7:00,2017,2,2,40.73431,-73.92232,0,0,0.01,Right lane blocked,22,0,Long Island Expy E,County Highways,R,Maspeth,Queens,NY,11378,US,US/Eastern,KLGA,2017-02-02 6:51,2017-02-02 6:51,39,Day,Day,33.4,57,30.06,10,SW,8.1,0,Overcast,0,0,0,0,0,0,0,0,0,0,0,0,Day,Day,Day
8,7,2,2017-01-30 18:26,2017-01-30 19:11,0:45,2017-01-30 18:26,18:26:00,2017-01-30,18:00,2017,1,30,41.67018,-73.78852,0,0,0.01,Right hand shoulder blocked ,21,0,Taconic State Pkwy,County Highways,R,Lagrangeville,Dutchess,NY,12540,US,US/Eastern,KPOU,2017-01-30 18:53,2017-01-30 18:53,27,Night,Day,19.5,45,29.88,10,WNW,6.9,0,Clear,0,0,0,0,0,0,0,0,0,0,0,0,Night,Night,Day
27,7,3,2017-01-27 10:30,2017-01-27 11:00,0:30,2017-01-27 10:30,10:30:00,2017-01-27,10:00,2017,1,27,40.83742,-73.88061,0,0,0.01,Right lane blocked,32,0,Cross Bronx Expy E,County Highways,R,Bronx,Bronx,NY,10460,US,US/Eastern,KLGA,2017-01-27 10:51,2017-01-27 10:51,44.1,Day,Day,36.5,43,29.66,10,West,17.3,0,Mostly Cloudy,0,0,0,0,0,0,0,0,0,0,0,0,Day,Day,Day
12,16,3,2017-01-25 9:16,2017-01-25 9:46,0:30,2017-01-25 9:16,9:16:00,2017-01-25,9:00,2017,1,25,40.73431,-73.92232,0,0,0.01,Right lane blocked,28,0,Long Island Expy E,County Highways,R,Maspeth,Queens,NY,11378,US,US/Eastern,KLGA,2017-01-25 8:51,2017-01-25 8:51,41,Day,Day,32.2,62,29.65,10,NW,18.4,0,Mostly Cloudy,0,0,0,0,0,0,0,0,0,0,0,0,Day,Day,Day
18,17,3,2017-01-23 20:53,2017-01-23 21:38,0:45,2017-01-23 20:53,20:53:00,2017-01-23,20:00,2017,1,23,41.53931,-73.77114,0,0,0.01,Right hand shoulder blocked ,38,0,Taconic State Pkwy,County Highways,R,Hopewell Junction,Dutchess,NY,12533,US,US/Eastern,KPOU,2017-01-23 20:53,2017-01-23 20:53,33.1,Night,Night,24.4,89,29.7,5,NNE,11.5,0.09,Rain,0,0,0,0,0,0,0,0,0,0,0,0,Night,Night,Night
26,12,3,2017-01-23 10:25,2017-01-23 10:55,0:30,2017-01-23 10:25,10:25:00,2017-01-23,10:00,2017,1,23,40.69165,-73.99931,0,0,0.01,Right lane blocked,32,0,Brooklyn Queens Expy,County Highways,R,Brooklyn,Kings,NY,11201,US,US/Eastern,KJRB,2017-01-23 10:15,2017-01-23 10:15,41,Day,Day,30.5,76,29.81,0,NE,26.5,9.99,Overcast,0,0,0,0,0,0,0,0,0,0,0,1,Day,Day,Day
66,6,2,2017-01-19 11:22,2017-01-19 11:51,0:29,2017-01-19 11:22,11:22:00,2017-01-19,11:00,2017,1,19,40.70174,-73.99126,0,0,0.97,Right lane blocked,37,0,Brooklyn Queens Expy,County Highways,R,Brooklyn,Kings,NY,11201,US,US/Eastern,KJRB,2017-01-19 11:15,2017-01-19 11:15,48.2,Day,Day,0,62,30.42,0,Variable,6.9,0,Partly Cloudy,0,0,0,0,0,0,0,0,0,0,0,0,Day,Day,Day
15,7,2,2017-01-18 7:32,2017-01-18 8:01,0:29,2017-01-18 7:32,7:32:00,2017-01-18,7:00,2017,1,18,41.18482,-73.8074,0,0,0.01,Right hand shoulder blocked ,23,0,Taconic State Pkwy S,County Highways,R,Chappaqua,Westchester,NY,10514,US,US/Eastern,KHPN,2017-01-18 7:20,2017-01-18 7:20,39,Day,Day,34.8,93,29.9,1.5,NE,5.8,0,Light Drizzle,0,0,0,0,0,0,0,0,0,0,0,0,Day,Day,Day
37,9,2,2017-01-17 7:26,2017-01-17 7:55,0:29,2017-01-17 7:26,7:26:00,2017-01-17,7:00,2017,1,17,40.92158,-73.80969,0,0,0.01,Shoulder blocked,23,0,Hutchinson River Pkwy S,County Highways,R,Pelham,Westchester,NY,10803,US,US/Eastern,KLGA,2017-01-17 7:27,2017-01-17 7:27,42.1,Day,Day,39.2,62,30.22,8,NW,4.6,0,Overcast,0,0,0,0,1,0,0,0,0,0,0,0,Day,Day,Day
14,9,3,2017-01-14 21:43,2017-01-14 22:13,0:30,2017-01-14 21:43,21:43:00,2017-01-14,21:00,2017,1,14,40.66711,-73.99592,0,0,0.01,Right lane blocked,38,0,Gowanus Expy E,County Highways,R,Brooklyn,Kings,NY,11215,US,US/Eastern,KJRB,2017-01-14 21:35,2017-01-14 21:35,32,Night,Night,25.6,87,30.43,0,West,6.9,0,Overcast,0,0,0,0,0,0,0,0,0,0,0,0,Night,Night,Night
35,12,2,2017-01-12 20:15,2017-01-12 20:59,0:44,2017-01-12 20:15,20:15:00,2017-01-12,20:00,2017,1,12,41.77643,-73.76835,0,0,0.01,Right hand shoulder blocked ,39,0,Taconic State Pkwy,County Highways,R,Pleasant Valley,Dutchess,NY,12569,US,US/Eastern,KPOU,2017-01-12 19:53,2017-01-12 19:53,53.1,Night,Night,0,93,29.99,10,South,5.8,0,Mostly Cloudy,0,0,0,0,0,0,0,0,0,0,0,0,Night,Night,Night
12,16,3,2017-01-06 15:08,2017-01-06 15:53,0:45,2017-01-06 15:08,15:08:00,2017-01-06,15:00,2017,1,6,40.73431,-73.92232,0,0,0.01,Left and center lane blocked ,20,0,Long Island Expy E,County Highways,R,Maspeth,Queens,NY,11378,US,US/Eastern,KLGA,2017-01-06 14:51,2017-01-06 14:51,34,Day,Day,25,42,30.06,10,NW,12.7,0,Mostly Cloudy,0,0,0,0,0,0,0,0,0,0,0,0,Day,Day,Day
34,12,3,2017-01-02 19:15,2017-01-02 19:59,0:44,2017-01-02 19:15,19:15:00,2017-01-02,19:00,2017,1,2,40.84514,-73.92654,0,0,0.01,One lane blocked ,28,0,Major Deegan Expy N,County Highways,R,Bronx,Bronx,NY,10452,US,US/Eastern,KLGA,2017-01-02 19:26,2017-01-02 19:26,41,Night,Night,32.8,89,30.37,7,NE,16.1,0,Overcast,0,0,0,0,0,0,0,0,0,0,0,0,Night,Night,Night
35,12,2,2017-01-02 19:19,2017-01-02 20:03,0:44,2017-01-02 19:19,19:19:00,2017-01-02,19:00,2017,1,2,41.77643,-73.76835,0,0,0.01,Right hand shoulder blocked ,32,0,Taconic State Pkwy,County Highways,R,Pleasant Valley,Dutchess,NY,12569,US,US/Eastern,KPOU,2017-01-02 19:18,2017-01-02 19:18,36,Night,Night,32.1,76,30.41,10,NE,4.6,0,Overcast,0,0,0,0,0,0,0,0,0,0,0,0,Night,Night,Night
16,12,3,2017-01-02 16:43,2017-01-02 17:28,0:45,2017-01-02 16:43,16:43:00,2017-01-02,16:00,2017,1,2,40.7401,-73.84543,0,0,0.01,One lane blocked ,22,0,Grand Central Pkwy W,County Highways,R,Corona,Queens,NY,11368,US,US/Eastern,KLGA,2017-01-02 16:46,2017-01-02 16:46,39.2,Day,Day,31.2,93,30.4,1.5,NE,13.8,0.02,Light Rain,0,0,0,0,0,0,0,0,0,0,0,0,Day,Day,Day
